Item,TARGET
2024-07-01_B09KDR64LT,0.03774088
2024-07-01_B09KDTS4DC,0.03774088
2024-07-01_B09KDTHJ6V,0.03774088
2024-07-01_B09KDQ2BWY,0.03774088
2024-07-01_B09KDYY3SB,2.6456337
2024-07-01_B09KDNYCYR,0.03774088
2024-07-01_B09KDN7PYR,0.03774088
2024-07-01_B09KDLQ2GW,2.5024033
2024-07-01_B0BDRTZTGX,0.03774088
2024-07-01_B09KDVXTP4,0.03774088
2024-07-01_B09KDPXYG3,0.03774088
2024-07-01_B09KDW1YKQ,0.03774088
2024-07-01_B09MR36MLJ,0.03774088
2024-07-01_B09KDZQJ6P,0.03774088
2024-07-01_B09MR3Y296,0.03774088
2024-07-01_B09KSXP3HN,3.062072
2024-07-01_B09KT5HMNY,0.03774088
2024-07-01_B09KTF8ZDQ,0.03774088
2024-07-01_B09KTFXX6L,0.03774088
2024-07-01_B09KTJRHC7,1.7412957
2024-07-01_B09KTMKDKJ,1.1460099
2024-07-01_B09KTMLQ1N,3.3413358
2024-07-01_B09MR2FY5D,3.8066869
2024-07-01_B09MR2MLZH,0.03774088
2024-07-01_B09MR4B13C,2.9647434
2024-07-01_B09KDXJJ6W,0.03774088
2024-07-01_B09KSYL73R,3.175365
2024-07-01_B0B31VFJ6Q,2.5593224
2024-07-01_B09MR4G722,0.03774088
2024-07-01_B09MR3RSW8,0.03774088
2024-07-01_B0B31SM3ZR,0.03774088
2024-07-01_B0B31R1ZBV,0.03774088
2024-07-01_B09X1JTK49,0.03774088
2024-07-01_B09X1HV1NL,2.9779725
2024-07-01_B09X1H629F,0.03774088
2024-07-01_B09X1F1L26,-1.6114277
2024-07-01_B09X1F8C23,4.0572705
2024-07-01_B09X1DHRLN,0.03774088
2024-07-01_B09MR5WS3Y,0.03774088
2024-07-01_B09MR56Q9N,0.03774088
2024-07-01_B0B31T1XMH,0.03774088
2024-07-01_B09MR4Z3H8,1.1435179
2024-07-01_B09MR4Z3H9,0.03774088
2024-07-01_B0B31V3PKG,0.03774088
2024-07-01_B0B31VTH56,0.03774088
2024-07-01_B0B31Y1FDZ,3.3678145
2024-07-01_B0B699PLXD,0.03774088
2024-07-01_B0B69B8R3C,0.03774088
2024-07-01_B0B69C4GST,0.03774088
2024-07-01_B0B69DD2C7,0.03774088
2024-07-01_B0B69DK8JN,0.03774088
2024-07-01_B0B69FBGN1,0.03774088
2024-07-01_B0B69G3YRM,0.03774088
2024-07-01_B0B69GN5KJ,0.03774088
2024-07-01_B0B69SF1BT,0.03774088
2024-07-01_B0BDRQWBK9,0.03774088
2024-07-01_B09MR3XT5G,4.944141
2024-07-01_B09X1FWK8Z,0.03774088
2024-07-01_B0CY5QQ49F,0.03774088
2024-07-01_B0BNKZYHRX,0.03774088
2024-07-01_B0BRCXJ1F6,0.03774088
2024-07-01_B0BGDWGRQB,0.03774088
2024-07-01_B0BGDX2Z3L,3.2593017
2024-07-01_B0BGDXM13S,0.03774088
2024-07-01_B0BGDXV7FD,0.03774088
2024-07-01_B0BGDZLDX2,0.03774088
2024-07-01_B0BNKXC5H1,0.03774088
2024-07-01_B0BNKY8RQN,0.03774088
2024-07-01_B0BNKYZD2Z,0.03774088
2024-07-01_B0BNKZ88Z5,0.03774088
2024-07-01_B0BNKZCWFL,0.03774088
2024-07-01_B0BRCXJRX6,1.7415286
2024-07-01_B0BG2Z8CY4,0.03774088
2024-07-01_B0BNL5BKMK,0.03774088
2024-07-01_B0BNL1CG6X,0.03774088
2024-07-01_B0BRCXCXCV,0.034189135
2024-07-01_B0BRCW79VK,0.03774088
2024-07-01_B0BRCW2B64,0.03774088
2024-07-01_B0BNL7TJRT,0.03774088
2024-07-01_B0BRCXDHBX,0.03774088
2024-07-01_B0BNL4S6MB,0.03774088
2024-07-01_B0BNL3YY1C,0.03774088
2024-07-01_B0BNL3J36Z,0.03774088
2024-07-01_B0BNL4L4K5,0.03774088
2024-07-01_B0BDRS6R5Z,0.03774088
2024-07-01_B0BNL11QD8,0.03774088
2024-07-01_B0BSLTZV4Z,0.03774088
2024-07-01_B0BNKZ9BJR,0.03774088
2024-07-01_B0BG2T78CJ,0.03774088
2024-07-01_B0BRCXQMS5,0.008855804
2024-07-01_B0C9JLKFPZ,0.008855804
2024-07-01_B0BRCXQRC9,0.9238897
2024-07-01_B0BRCXXBG2,0.03774088
2024-07-01_B0BRCY8QMH,0.03774088
2024-07-01_B0BRCYJ33N,1.311853
2024-07-01_B0BRCYJ4SR,0.03774088
2024-07-01_B0BRCYK4JK,2.6906257
2024-07-01_B0BRCYQNSW,2.502102
2024-07-01_B0BRCYV77T,1.1435179
2024-07-01_B0BRDCBGFD,0.03774088
2024-07-01_B0BRDCJWJC,0.03774088
2024-07-01_B0BSLTV9FL,0.03774088
2024-07-01_B0BSLWJKSX,0.03774088
2024-07-01_B0BG2PD396,0.03774088
2024-07-01_B0CY5LR4VX,0.03774088
2024-07-01_B0CFV6V981,-1.6367611
2024-07-01_B0CY5KFQBD,0.03774088
2024-07-01_B0CR4C98FS,0.034189135
2024-07-01_B0CR4C5WXS,0.038454115
2024-07-01_B0CR4BGLK5,0.038454115
2024-07-01_B0CR4BK4FW,0.03774088
2024-07-01_B0CR49NR3B,0.038454115
2024-07-01_B0CR49N6MQ,1.0700561
2024-07-01_B0CR49BQRS,0.038454115
2024-07-01_B0CQVLFPBQ,0.03774088
2024-07-01_B0BRCXP7VN,0.03774088
2024-07-01_B0CR4BG4ZW,1.2944555
2024-07-02_B09KDTHJ6V,0.03774088
2024-07-02_B09KDW1YKQ,0.03774088
2024-07-02_B09KDVXTP4,0.03774088
2024-07-02_B09KDTS4DC,0.03774088
2024-07-02_B09KDR64LT,0.03774088
2024-07-02_B09KDZQJ6P,0.03774088
2024-07-02_B09KDPXYG3,0.03774088
2024-07-02_B09KDNYCYR,0.03774088
2024-07-02_B09KDN7PYR,0.03774088
2024-07-02_B0BDRTZTGX,0.03774088
2024-07-02_B09KDXJJ6W,0.03774088
2024-07-02_B09KDQ2BWY,0.03774088
2024-07-02_B09KDYY3SB,2.1253843
2024-07-02_B09KTJRHC7,2.308136
2024-07-02_B09MR3Y296,0.03774088
2024-07-02_B09KSYL73R,3.175365
2024-07-02_B09KT5HMNY,0.03774088
2024-07-02_B09KTF8ZDQ,0.03774088
2024-07-02_B09KTFXX6L,0.03774088
2024-07-02_B09KTMKDKJ,1.1435179
2024-07-02_B09KTMLQ1N,3.3567994
2024-07-02_B09MR2FY5D,5.2386217
2024-07-02_B09MR2MLZH,0.03774088
2024-07-02_B09MR36MLJ,0.03774088
2024-07-02_B09MR3RSW8,0.03774088
2024-07-02_B09MR3XT5G,4.124167
2024-07-02_B09KSXP3HN,3.750149
2024-07-02_B09MR4B13C,2.8135777
2024-07-02_B09X1F8C23,4.0572705
2024-07-02_B09MR4Z3H8,1.1435179
2024-07-02_B0B31R1ZBV,0.03774088
2024-07-02_B09X1JTK49,0.03774088
2024-07-02_B09X1HV1NL,3.6380064
2024-07-02_B09X1H629F,0.03774088
2024-07-02_B09X1FWK8Z,0.03774088
2024-07-02_B09X1DHRLN,0.03774088
2024-07-02_B09X1F1L26,1.0468614
2024-07-02_B09MR5WS3Y,0.03774088
2024-07-02_B09MR56Q9N,0.03774088
2024-07-02_B09MR4Z3H9,0.03774088
2024-07-02_B0B31T1XMH,0.03774088
2024-07-02_B0B31SM3ZR,0.03774088
2024-07-02_B09KDLQ2GW,0.9869856
2024-07-02_B0B69SF1BT,0.03774088
2024-07-02_B0B31VFJ6Q,-0.13476157
2024-07-02_B0B31VTH56,0.03774088
2024-07-02_B0B31Y1FDZ,1.6430095
2024-07-02_B0B699PLXD,0.03774088
2024-07-02_B0B69B8R3C,0.03774088
2024-07-02_B0B69C4GST,0.03774088
2024-07-02_B0B69DD2C7,0.03774088
2024-07-02_B0B69DK8JN,0.03774088
2024-07-02_B0B69FBGN1,0.03774088
2024-07-02_B0B69G3YRM,0.03774088
2024-07-02_B0B69GN5KJ,0.03774088
2024-07-02_B09MR4G722,0.03774088
2024-07-02_B0B31V3PKG,0.03774088
2024-07-02_B0BDRQWBK9,0.03774088
2024-07-02_B0BG2PD396,0.03774088
2024-07-02_B0BSLWJKSX,0.03774088
2024-07-02_B0BG2T78CJ,0.03774088
2024-07-02_B0BG2Z8CY4,0.03774088
2024-07-02_B0BGDWGRQB,0.03774088
2024-07-02_B0BGDX2Z3L,5.3569884
2024-07-02_B0BGDXM13S,0.03774088
2024-07-02_B0BGDXV7FD,0.03774088
2024-07-02_B0BGDZLDX2,0.03774088
2024-07-02_B0BNKY8RQN,0.03774088
2024-07-02_B0BNKYZD2Z,0.03774088
2024-07-02_B0BNKZ88Z5,0.03774088
2024-07-02_B0BNKZ9BJR,0.03774088
2024-07-02_B0BNKZCWFL,0.03774088
2024-07-02_B0BNKZYHRX,0.03774088
2024-07-02_B0BNKXC5H1,0.03774088
2024-07-02_B0BNL7TJRT,0.03774088
2024-07-02_B0BNL1CG6X,0.03774088
2024-07-02_B0BRCXDHBX,0.03774088
2024-07-02_B0BRCXCXCV,0.034189135
2024-07-02_B0BRCW79VK,0.03774088
2024-07-02_B0BRCW2B64,0.03774088
2024-07-02_B0BRCXJ1F6,0.03774088
2024-07-02_B0BNL5BKMK,0.03774088
2024-07-02_B0BNL4L4K5,0.03774088
2024-07-02_B0BNL3YY1C,0.03774088
2024-07-02_B0BNL3J36Z,0.03774088
2024-07-02_B0BDRS6R5Z,0.03774088
2024-07-02_B0BNL11QD8,0.03774088
2024-07-02_B0BRCXJRX6,3.4533138
2024-07-02_B0BNL4S6MB,0.03774088
2024-07-02_B0BRCXQMS5,1.1702642
2024-07-02_B0CY5QQ49F,0.03774088
2024-07-02_B0BRCXXBG2,0.03774088
2024-07-02_B0BRCY8QMH,0.03774088
2024-07-02_B0BRCYJ33N,0.94312644
2024-07-02_B0BRCYJ4SR,0.03774088
2024-07-02_B0BRCYK4JK,1.1364852
2024-07-02_B0BRCYQNSW,2.8510084
2024-07-02_B0BRCYV77T,0.008855804
2024-07-02_B0BRDCBGFD,0.03774088
2024-07-02_B0BRDCJWJC,0.03774088
2024-07-02_B0BSLTV9FL,0.03774088
2024-07-02_B0BSLTZV4Z,0.03774088
2024-07-02_B0C9JLKFPZ,0.008855804
2024-07-02_B0BRCXQRC9,1.1435179
2024-07-02_B0CFV6V981,0.008855804
2024-07-02_B0BRCXP7VN,0.03774088
2024-07-02_B0CY5LR4VX,0.87903136
2024-07-02_B0CY5KFQBD,0.03774088
2024-07-02_B0CR4C98FS,1.072866
2024-07-02_B0CR4BK4FW,0.03774088
2024-07-02_B0CR4C5WXS,0.038454115
2024-07-02_B0CR4BG4ZW,2.0760808
2024-07-02_B0CR49NR3B,0.038454115
2024-07-02_B0CR49N6MQ,0.008855804
2024-07-02_B0CR49BQRS,0.038454115
2024-07-02_B0CQVLFPBQ,0.03774088
2024-07-02_B0CR4BGLK5,0.038454115
2024-07-03_B09KDVXTP4,0.03774088
2024-07-03_B09KDXJJ6W,0.03774088
2024-07-03_B09KDW1YKQ,0.03774088
2024-07-03_B09KDTS4DC,0.03774088
2024-07-03_B09KDN7PYR,0.03774088
2024-07-03_B09KDR64LT,0.03774088
2024-07-03_B09KDQ2BWY,0.03774088
2024-07-03_B09KDPXYG3,0.03774088
2024-07-03_B09KDNYCYR,0.03774088
2024-07-03_B09KDTHJ6V,0.03774088
2024-07-03_B09KDYY3SB,1.1702642
2024-07-03_B09KTF8ZDQ,0.03774088
2024-07-03_B09KDZQJ6P,0.03774088
2024-07-03_B09KSXP3HN,-0.03464725
2024-07-03_B09KSYL73R,3.6380064
2024-07-03_B09KT5HMNY,0.03774088
2024-07-03_B09KTFXX6L,0.03774088
2024-07-03_B09KTJRHC7,2.2712095
2024-07-03_B09KTMKDKJ,0.94312644
2024-07-03_B09KTMLQ1N,3.1552093
2024-07-03_B09MR2FY5D,2.703804
2024-07-03_B09MR2MLZH,0.03774088
2024-07-03_B09MR36MLJ,0.03774088
2024-07-03_B09MR3XT5G,8.751664
2024-07-03_B09KDLQ2GW,1.6430095
2024-07-03_B09MR3Y296,0.03774088
2024-07-03_B0B31VFJ6Q,1.9396696
2024-07-03_B09MR4G722,0.03774088
2024-07-03_B09MR3RSW8,0.03774088
2024-07-03_B09X1F1L26,-1.607876
2024-07-03_B0B31SM3ZR,0.03774088
2024-07-03_B0B31R1ZBV,0.03774088
2024-07-03_B09X1JTK49,0.03774088
2024-07-03_B09X1HV1NL,5.0794816
2024-07-03_B09X1F8C23,4.0572705
2024-07-03_B09MR4Z3H8,1.1435179
2024-07-03_B09MR5WS3Y,0.03774088
2024-07-03_B09MR5Q6HJ,0.03774088
2024-07-03_B09MR56Q9N,0.03774088
2024-07-03_B09MR4Z3H9,0.03774088
2024-07-03_B0B31T1XMH,0.03774088
2024-07-03_B0B69B8R3C,0.03774088
2024-07-03_B0B31VTH56,0.03774088
2024-07-03_B0B31Y1FDZ,2.8221698
2024-07-03_B0B699PLXD,0.03774088
2024-07-03_B09MR4B13C,2.9779725
2024-07-03_B0B69C4GST,0.03774088
2024-07-03_B0B69DD2C7,0.03774088
2024-07-03_B0B69DK8JN,0.03774088
2024-07-03_B0B69FBGN1,0.03774088
2024-07-03_B0B69GN5KJ,0.03774088
2024-07-03_B0B69SF1BT,0.03774088
2024-07-03_B0BDRQWBK9,0.03774088
2024-07-03_B0BDRTZTGX,0.03774088
2024-07-03_B0BDRS6R5Z,0.03774088
2024-07-03_B0B31V3PKG,0.03774088
2024-07-03_B0BG2PD396,0.03774088
2024-07-03_B0BNKZKGFG,0.03774088
2024-07-03_B0BRCXDHBX,0.03774088
2024-07-03_B0BG2T78CJ,0.03774088
2024-07-03_B0BG2Z8CY4,0.03774088
2024-07-03_B0BGDWGRQB,0.03774088
2024-07-03_B0BGDX2Z3L,0.03774088
2024-07-03_B0BGDXM13S,0.03774088
2024-07-03_B0BGDXV7FD,0.03774088
2024-07-03_B0BGDZLDX2,0.03774088
2024-07-03_B0BNKYZD2Z,0.03774088
2024-07-03_B0BNKZ88Z5,0.03774088
2024-07-03_B0BNKZ9BJR,0.03774088
2024-07-03_B0BNKZCWFL,0.03774088
2024-07-03_B0BNL43XHH,0.03774088
2024-07-03_B0BNKXC5H1,0.03774088
2024-07-03_B0BNL11QD8,0.03774088
2024-07-03_B0BNL4Y2J9,0.03774088
2024-07-03_B0BRCW79VK,0.03774088
2024-07-03_B0BRCW2B64,0.03774088
2024-07-03_B0BNL7TJRT,0.03774088
2024-07-03_B0BNL5BKMK,0.03774088
2024-07-03_B0BRCXCXCV,0.03774088
2024-07-03_B0BNL4S6MB,0.03774088
2024-07-03_B0BNL3RDG4,0.03774088
2024-07-03_B0BNL3J36Z,0.03774088
2024-07-03_B0BRCXJ1F6,0.03774088
2024-07-03_B0BRDCJWJC,0.03774088
2024-07-03_B0CFV6V981,-1.6114277
2024-07-03_B0BG2QXQ9V,0.03774088
2024-07-03_B0BRCXJRX6,0.008855804
2024-07-03_B0BRCXQMS5,4.000699
2024-07-03_B0BRCXQRC9,0.034189135
2024-07-03_B0BRCXSTKW,0.03774088
2024-07-03_B0BRCXXBG2,0.03774088
2024-07-03_B0BRCY8QMH,0.03774088
2024-07-03_B0BRCYJ33N,1.7610575
2024-07-03_B0BRCXP7VN,0.03774088
2024-07-03_B0BRCYK4JK,0.008855804
2024-07-03_B0BRCYQNSW,2.1903777
2024-07-03_B0BRCYV77T,1.4393306
2024-07-03_B0BRDCBGFD,0.03774088
2024-07-03_B0BRCYJ4SR,0.03774088
2024-07-03_B0C9JLKFPZ,1.0558059
2024-07-03_B0BSLWJKSX,0.03774088
2024-07-03_B0CY5LR4VX,0.034189135
2024-07-03_B0CY5KFQBD,0.03774088
2024-07-03_B0CR4C98FS,0.03774088
2024-07-03_B0CR4C5WXS,0.038454115
2024-07-03_B0CY5QQ49F,0.034189135
2024-07-03_B0CR4BGLK5,0.038454115
2024-07-03_B0CR4BG4ZW,1.6178564
2024-07-03_B0CR49NR3B,0.03774088
2024-07-03_B0CR49N6MQ,0.034189135
2024-07-03_B0CR49BQRS,0.038454115
2024-07-03_B0CR4BK4FW,0.03774088
2024-07-04_B09KDW1YKQ,0.028779285
2024-07-04_B09KDVXTP4,0.028779285
2024-07-04_B09KDTS4DC,0.028779285
2024-07-04_B09KDTHJ6V,0.028779285
2024-07-04_B09KDPXYG3,0.028779285
2024-07-04_B09KDQ2BWY,0.028779285
2024-07-04_B09KDNYCYR,0.028779285
2024-07-04_B09KDN7PYR,0.028779285
2024-07-04_B09MR3Y296,0.028779285
2024-07-04_B09KDR64LT,0.028779285
2024-07-04_B09KDXJJ6W,0.028779285
2024-07-04_B09MR36MLJ,0.028779285
2024-07-04_B09KDZQJ6P,0.028779285
2024-07-04_B09KSXP3HN,3.603813
2024-07-04_B09KSYL73R,3.1664035
2024-07-04_B09KT5HMNY,0.028779285
2024-07-04_B09KTF8ZDQ,0.028779285
2024-07-04_B09KTFXX6L,0.028779285
2024-07-04_B09KTJRHC7,1.1746408
2024-07-04_B09KTMKDKJ,1.0739424
2024-07-04_B09KTMLQ1N,3.2922902
2024-07-04_B09MR2FY5D,5.2307463
2024-07-04_B09MR2MLZH,0.028779285
2024-07-04_B09MR4B13C,2.955782
2024-07-04_B09KDYY3SB,1.16445
2024-07-04_B09KDLQ2GW,3.2503405
2024-07-04_B0B69C4GST,0.028779285
2024-07-04_B0BDRS6R5Z,0.028779285
2024-07-04_B09MR3RSW8,0.028779285
2024-07-04_B09X1F8C23,3.6844687
2024-07-04_B0B31T1XMH,0.028779285
2024-07-04_B0B31SM3ZR,0.028779285
2024-07-04_B0B31R1ZBV,0.028779285
2024-07-04_B09X1JTK49,0.028779285
2024-07-04_B09X1HV1NL,0.028779285
2024-07-04_B09MR4Z3H9,0.028779285
2024-07-04_B09X1F1L26,0.028779285
2024-07-04_B09MR5WS3Y,0.028779285
2024-07-04_B09MR5Q6HJ,0.028779285
2024-07-04_B09MR56Q9N,0.028779285
2024-07-04_B0B31VFJ6Q,1.2467791
2024-07-04_B0B31V3PKG,0.028779285
2024-07-04_B0B31VTH56,0.028779285
2024-07-04_B0B31Y1FDZ,2.360301
2024-07-04_B0B699PLXD,0.028779285
2024-07-04_B0B69B8R3C,0.028779285
2024-07-04_B09MR4G722,0.028779285
2024-07-04_B0B69DD2C7,0.028779285
2024-07-04_B0B69DK8JN,0.028779285
2024-07-04_B0B69FBGN1,0.028779285
2024-07-04_B0B69GN5KJ,0.028779285
2024-07-04_B0B69SF1BT,0.028779285
2024-07-04_B0BDRQWBK9,0.028779285
2024-07-04_B09MR4Z3H8,1.1640105
2024-07-04_B09MR3XT5G,4.135698
2024-07-04_B0BDRTZTGX,0.028779285
2024-07-04_B0BG2PD396,0.028779285
2024-07-04_B0BRCXJRX6,-0.00010578969
2024-07-04_B0BNL11QD8,0.028779285
2024-07-04_B0BRCXJ1F6,0.028779285
2024-07-04_B0BGDWGRQB,0.028779285
2024-07-04_B0BGDX2Z3L,0.028779285
2024-07-04_B0BGDXM13S,0.028779285
2024-07-04_B0BGDXV7FD,0.028779285
2024-07-04_B0BGDZLDX2,0.028779285
2024-07-04_B0BNKXC5H1,0.028779285
2024-07-04_B0BNKYZD2Z,0.028779285
2024-07-04_B0BNKZ88Z5,0.028779285
2024-07-04_B0BNKZ9BJR,0.028779285
2024-07-04_B0BNKZCWFL,0.028779285
2024-07-04_B0BNKZKGFG,0.028779285
2024-07-04_B0BG2Z8CY4,0.028779285
2024-07-04_B0BNL3J36Z,0.028779285
2024-07-04_B0BNL5BKMK,0.028779285
2024-07-04_B0BRCXDHBX,0.028779285
2024-07-04_B0BRCXCXCV,1.0467697
2024-07-04_B0BRCW79VK,0.995407
2024-07-04_B0BNL7TJRT,0.028779285
2024-07-04_B0BRCW2B64,1.634048
2024-07-04_B0BNL4Y2J9,0.028779285
2024-07-04_B0BNL4S6MB,0.028779285
2024-07-04_B0BNL43XHH,0.028779285
2024-07-04_B0BSLWJKSX,0.028779285
2024-07-04_B0BRCXQMS5,1.3486451
2024-07-04_B0BNL3RDG4,0.028779285
2024-07-04_B0CY5QQ49F,1.4281667
2024-07-04_B0BG2QXQ9V,0.028779285
2024-07-04_B0BRCXP7VN,0.028779285
2024-07-04_B0BRCXQRC9,1.3486451
2024-07-04_B0BRCXSTKW,0.028779285
2024-07-04_B0BRCXXBG2,0.028779285
2024-07-04_B0BRCY8QMH,0.028779285
2024-07-04_B0BRCYJ33N,1.1345563
2024-07-04_B0BG2T78CJ,0.028779285
2024-07-04_B0BRCYK4JK,-0.00010578969
2024-07-04_B0BRCYQNSW,2.067843
2024-07-04_B0BRCYV77T,1.285494
2024-07-04_B0BRDCBGFD,0.028779285
2024-07-04_B0BRCYJ4SR,0.028779285
2024-07-04_B0C9JLKFPZ,1.16445
2024-07-04_B0BRDCJWJC,1.0518984
2024-07-04_B0CY5KFQBD,0.029492518
2024-07-04_B0CR4C98FS,0.025227547
2024-07-04_B0CR4C5WXS,0.029492518
2024-07-04_B0CR4BK4FW,0.028779285
2024-07-04_B0CY5LR4VX,0.028779285
2024-07-04_B0CR4BG4ZW,-0.00010578969
2024-07-04_B0CR49NR3B,0.029492518
2024-07-04_B0CR49N6MQ,-0.00010578969
2024-07-04_B0CR49BQRS,0.025227547
2024-07-04_B0CFV6V981,0.028779285
2024-07-04_B0CR4BGLK5,1.2068826
2024-07-05_B09KDW1YKQ,0.028779285
2024-07-05_B09KDVXTP4,0.028779285
2024-07-05_B09KDTS4DC,0.028779285
2024-07-05_B09KDTHJ6V,0.028779285
2024-07-05_B09KDPXYG3,0.028779285
2024-07-05_B09KDQ2BWY,0.028779285
2024-07-05_B0BG2PD396,0.028779285
2024-07-05_B09KDN7PYR,0.028779285
2024-07-05_B09MR3Y296,0.028779285
2024-07-05_B09KDR64LT,0.028779285
2024-07-05_B09KDXJJ6W,0.028779285
2024-07-05_B09MR36MLJ,0.028779285
2024-07-05_B09KDZQJ6P,0.028779285
2024-07-05_B09KSXP3HN,4.158981
2024-07-05_B09KSYL73R,3.6095161
2024-07-05_B09KT5HMNY,0.028779285
2024-07-05_B09KTF8ZDQ,0.028779285
2024-07-05_B09KTFXX6L,4.032769
2024-07-05_B09KTJRHC7,2.530832
2024-07-05_B09KTMKDKJ,0.52467096
2024-07-05_B09KTMLQ1N,5.907456
2024-07-05_B09MR2FY5D,5.2307463
2024-07-05_B09MR2MLZH,0.028779285
2024-07-05_B09MR4B13C,3.2002492
2024-07-05_B09KDYY3SB,1.1613027
2024-07-05_B09KDNYCYR,0.028779285
2024-07-05_B0BDRS6R5Z,0.028779285
2024-07-05_B09MR4G722,0.028779285
2024-07-05_B09MR3RSW8,0.028779285
2024-07-05_B09X1F8C23,4.0483093
2024-07-05_B0B31T1XMH,0.028779285
2024-07-05_B0B31SM3ZR,0.028779285
2024-07-05_B0B31R1ZBV,0.028779285
2024-07-05_B09X1JTK49,0.028779285
2024-07-05_B09X1HV1NL,0.028779285
2024-07-05_B09MR5WS3Y,0.028779285
2024-07-05_B09X1F1L26,0.028779285
2024-07-05_B0B31VFJ6Q,1.496425
2024-07-05_B09MR5Q6HJ,0.028779285
2024-07-05_B09MR56Q9N,0.028779285
2024-07-05_B09MR4Z3H9,0.028779285
2024-07-05_B0B31V3PKG,0.028779285
2024-07-05_B0B31VTH56,0.028779285
2024-07-05_B0B31Y1FDZ,5.349113
2024-07-05_B0B699PLXD,0.028779285
2024-07-05_B0B69B8R3C,0.028779285
2024-07-05_B0B69C4GST,0.028779285
2024-07-05_B0B69DD2C7,0.028779285
2024-07-05_B0B69DK8JN,0.028779285
2024-07-05_B0B69FBGN1,0.028779285
2024-07-05_B09KDLQ2GW,0.028779285
2024-07-05_B0B69SF1BT,0.028779285
2024-07-05_B0BDRQWBK9,0.028779285
2024-07-05_B09MR4Z3H8,2.6366725
2024-07-05_B09MR3XT5G,4.9151416
2024-07-05_B0BRCXSTKW,0.028779285
2024-07-05_B0B69GN5KJ,0.028779285
2024-07-05_B0BRCXJRX6,1.3114473
2024-07-05_B0BNL11QD8,0.028779285
2024-07-05_B0BRCXJ1F6,0.028779285
2024-07-05_B0BGDWGRQB,0.028779285
2024-07-05_B0BGDX2Z3L,3.3588533
2024-07-05_B0BGDXM13S,0.028779285
2024-07-05_B0BGDXV7FD,0.028779285
2024-07-05_B0BGDZLDX2,0.028779285
2024-07-05_B0BNKXC5H1,0.028779285
2024-07-05_B0BNKYZD2Z,0.028779285
2024-07-05_B0BNKZ88Z5,0.028779285
2024-07-05_B0BNKZ9BJR,0.028779285
2024-07-05_B0BNKZCWFL,0.028779285
2024-07-05_B0BNKZKGFG,0.028779285
2024-07-05_B0BG2Z8CY4,0.028779285
2024-07-05_B0BNL3J36Z,0.028779285
2024-07-05_B0BNL5BKMK,0.028779285
2024-07-05_B0BRCXDHBX,0.028779285
2024-07-05_B0BRCXCXCV,0.025227547
2024-07-05_B0BRCW79VK,0.028779285
2024-07-05_B0BNL7TJRT,0.028779285
2024-07-05_B0BRCW2B64,0.028779285
2024-07-05_B0BNL4Y2J9,0.028779285
2024-07-05_B0BDRTZTGX,0.028779285
2024-07-05_B0BNL43XHH,0.028779285
2024-07-05_B0BSLWJKSX,0.028779285
2024-07-05_B0BRCXQMS5,0.025227547
2024-07-05_B0BNL4S6MB,0.028779285
2024-07-05_B0CY5QQ49F,1.4498887
2024-07-05_B0BG2T78CJ,0.028779285
2024-07-05_B0BRCXP7VN,0.028779285
2024-07-05_B0BRCXQRC9,0.025227547
2024-07-05_B0BNL3RDG4,0.028779285
2024-07-05_B0BRCXXBG2,0.028779285
2024-07-05_B0BRCY8QMH,0.028779285
2024-07-05_B0BRCYJ33N,1.3028915
2024-07-05_B0BRCYJ4SR,0.028779285
2024-07-05_B0BRCYK4JK,3.1831107
2024-07-05_B0BRCYQNSW,2.7242155
2024-07-05_B0BRCYV77T,1.0151364
2024-07-05_B0BRDCBGFD,0.028779285
2024-07-05_B0BG2QXQ9V,0.028779285
2024-07-05_B0C9JLKFPZ,-0.00010578969
2024-07-05_B0CY5LR4VX,-0.00010578969
2024-07-05_B0CY5KFQBD,0.029492518
2024-07-05_B0CR4C98FS,1.0639044
2024-07-05_B0BRDCJWJC,0.028779285
2024-07-05_B0CR4BK4FW,0.028779285
2024-07-05_B0CR4C5WXS,0.029492518
2024-07-05_B0CR4BG4ZW,-0.00010578969
2024-07-05_B0CR49NR3B,0.029492518
2024-07-05_B0CR49N6MQ,-0.00010578969
2024-07-05_B0CR49BQRS,0.025227547
2024-07-05_B0CFV6V981,1.1345563
2024-07-05_B0CR4BGLK5,0.028779285
2024-07-06_B09KDVXTP4,0.045925174
2024-07-06_B09KDTS4DC,0.045925174
2024-07-06_B09KDTHJ6V,0.045925174
2024-07-06_B09KDR64LT,0.045925174
2024-07-06_B0B69GN5KJ,0.045925174
2024-07-06_B09KDPXYG3,0.045925174
2024-07-06_B09KDNYCYR,0.045925174
2024-07-06_B09KDN7PYR,0.045925174
2024-07-06_B09KDLQ2GW,0.045925174
2024-07-06_B09KDQ2BWY,0.045925174
2024-07-06_B09KDW1YKQ,0.045925174
2024-07-06_B09KTF8ZDQ,0.045925174
2024-07-06_B09KDYY3SB,3.5700116
2024-07-06_B09KSXP3HN,4.414855
2024-07-06_B09KSYL73R,3.646191
2024-07-06_B09KT5HMNY,0.045925174
2024-07-06_B09KTFXX6L,3.7016146
2024-07-06_B09KTJRHC7,2.3163204
2024-07-06_B09KTMKDKJ,-1.6285765
2024-07-06_B09KTMLQ1N,5.7916203
2024-07-06_B09MR2FY5D,0.045925174
2024-07-06_B09MR2MLZH,0.045925174
2024-07-06_B09MR36MLJ,0.045925174
2024-07-06_B09KDXJJ6W,0.045925174
2024-07-06_B09MR3RSW8,0.045925174
2024-07-06_B0B31R1ZBV,0.045925174
2024-07-06_B09MR3Y296,0.045925174
2024-07-06_B09X1HV1NL,0.045925174
2024-07-06_B09MR4B13C,3.1373227
2024-07-06_B09MR4G722,0.045925174
2024-07-06_B09MR4Z3H8,1.1446698
2024-07-06_B09MR4Z3H9,0.045925174
2024-07-06_B09MR56Q9N,0.045925174
2024-07-06_B09MR5Q6HJ,0.045925174
2024-07-06_B09MR5WS3Y,0.045925174
2024-07-06_B09X1DHRLN,0.045925174
2024-07-06_B09X1F1L26,-1.5996914
2024-07-06_B09X1F8C23,3.7016146
2024-07-06_B0B69DD2C7,0.045925174
2024-07-06_B09X1JTK49,0.045925174
2024-07-06_B0B31SM3ZR,0.045925174
2024-07-06_B0B31T1XMH,0.045925174
2024-07-06_B0B31V3PKG,0.045925174
2024-07-06_B0B31VFJ6Q,1.2639252
2024-07-06_B0B31VTH56,0.045925174
2024-07-06_B0B31Y1FDZ,3.4943643
2024-07-06_B0B699PLXD,0.045925174
2024-07-06_B0B69B8R3C,0.045925174
2024-07-06_B0B69C4GST,0.045925174
2024-07-06_B09MR3XT5G,5.1528616
2024-07-06_B09KDZQJ6P,0.045925174
2024-07-06_B0B69DK8JN,0.045925174
2024-07-06_B0B69SF1BT,0.045925174
2024-07-06_B0BRCXQRC9,0.04237344
2024-07-06_B0BRCXP7VN,0.045925174
2024-07-06_B0BDRQWBK9,0.045925174
2024-07-06_B0BDRTZTGX,0.045925174
2024-07-06_B0BG2PD396,0.045925174
2024-07-06_B0BG2T78CJ,0.045925174
2024-07-06_B0BG2VYWSG,0.045925174
2024-07-06_B0BGDWGRQB,0.045925174
2024-07-06_B0BGDXM13S,0.045925174
2024-07-06_B0BGDXV7FD,0.045925174
2024-07-06_B0BGDZLDX2,0.045925174
2024-07-06_B0BGDX2Z3L,0.045925174
2024-07-06_B0BNKZ9BJR,0.045925174
2024-07-06_B0BNL7TJRT,0.045925174
2024-07-06_B0BRCXDHBX,0.045925174
2024-07-06_B0BRCXCXCV,0.04663841
2024-07-06_B0BRCW79VK,0.045925174
2024-07-06_B0BRCW2B64,0.045925174
2024-07-06_B0BRCXJRX6,0.019532187
2024-07-06_B0BNL5BKMK,0.045925174
2024-07-06_B0BNL4Y2J9,0.045925174
2024-07-06_B0BNL3J36Z,0.045925174
2024-07-06_B0BNKZCWFL,0.045925174
2024-07-06_B0B69FBGN1,0.045925174
2024-07-06_B0BNKZ88Z5,0.045925174
2024-07-06_B0BRCXQMS5,2.1335688
2024-07-06_B0BNKYZD2Z,0.045925174
2024-07-06_B0BRCXSTKW,0.045925174
2024-07-06_B0BSLWJKSX,0.045925174
2024-07-06_B0BRCY8QMH,0.045925174
2024-07-06_B0BRCYJ33N,1.3026401
2024-07-06_B0BRCYJ4SR,0.045925174
2024-07-06_B0BRCYK4JK,1.2831112
2024-07-06_B0BRCYQNSW,2.4672296
2024-07-06_B0BRCYV77T,1.3285934
2024-07-06_B0BRDCBGFD,0.045925174
2024-07-06_B0BRDCJWJC,0.045925174
2024-07-06_B0BSLTV9FL,0.045925174
2024-07-06_B0C9JLKFPZ,0.01704011
2024-07-06_B0CFV6V981,-1.6285765
2024-07-06_B0BRCXXBG2,0.045925174
2024-07-06_B0CR49N6MQ,0.04237344
2024-07-06_B0CR49NR3B,0.04663841
2024-07-06_B0CR4BG4ZW,0.01704011
2024-07-06_B0CR4BGLK5,0.04663841
2024-07-06_B0CR4BK4FW,0.045925174
2024-07-06_B0CR4C5WXS,0.04663841
2024-07-06_B0CR4C98FS,0.04663841
2024-07-06_B0CY5KFQBD,0.045925174
2024-07-06_B0CY5LR4VX,0.01704011
2024-07-06_B0CY5QQ49F,0.01704011
2024-07-06_B0CR49BQRS,0.04237344
2024-07-07_B09MR36MLJ,0.045925174
2024-07-07_B09KDVXTP4,0.045925174
2024-07-07_B09KDTS4DC,0.045925174
2024-07-07_B09KDTHJ6V,0.045925174
2024-07-07_B09KDR64LT,0.045925174
2024-07-07_B0B69GN5KJ,0.045925174
2024-07-07_B09KDPXYG3,0.045925174
2024-07-07_B09KDNYCYR,0.045925174
2024-07-07_B09KDN7PYR,0.045925174
2024-07-07_B09KDW1YKQ,0.045925174
2024-07-07_B09KDQ2BWY,0.045925174
2024-07-07_B09KDXJJ6W,0.045925174
2024-07-07_B09KT5HMNY,0.045925174
2024-07-07_B09KDZQJ6P,0.045925174
2024-07-07_B09KSXP3HN,3.4660027
2024-07-07_B09KSYL73R,3.8105857
2024-07-07_B09MR2MLZH,0.045925174
2024-07-07_B09KTF8ZDQ,0.045925174
2024-07-07_B09KTFXX6L,2.4995792
2024-07-07_B09KTJRHC7,1.6792705
2024-07-07_B09KTMKDKJ,0.83590764
2024-07-07_B09KTMLQ1N,6.215769
2024-07-07_B09MR2FY5D,1.6511941
2024-07-07_B09KDYY3SB,1.3657912
2024-07-07_B09MR3RSW8,0.045925174
2024-07-07_B09MR4B13C,3.6684902
2024-07-07_B09MR3Y296,0.045925174
2024-07-07_B09X1JTK49,0.045925174
2024-07-07_B09MR4G722,0.045925174
2024-07-07_B09MR4Z3H8,0.01704011
2024-07-07_B09MR4Z3H9,0.045925174
2024-07-07_B09MR56Q9N,0.045925174
2024-07-07_B09MR5Q6HJ,0.045925174
2024-07-07_B09MR5WS3Y,0.045925174
2024-07-07_B09X1DHRLN,0.045925174
2024-07-07_B09X1F1L26,0.9344349
2024-07-07_B09X1F8C23,4.065455
2024-07-07_B09X1HV1NL,0.045925174
2024-07-07_B0B31VTH56,0.045925174
2024-07-07_B0B31R1ZBV,0.045925174
2024-07-07_B0B31SM3ZR,0.045925174
2024-07-07_B0B31T1XMH,0.045925174
2024-07-07_B0B31V3PKG,0.045925174
2024-07-07_B09MR3XT5G,4.1528435
2024-07-07_B0B31Y1FDZ,2.5105877
2024-07-07_B0B699PLXD,0.045925174
2024-07-07_B0B69B8R3C,0.045925174
2024-07-07_B0B69C4GST,0.045925174
2024-07-07_B0B69DD2C7,0.045925174
2024-07-07_B0B69DK8JN,0.045925174
2024-07-07_B09KDLQ2GW,0.045925174
2024-07-07_B0B69FBGN1,0.045925174
2024-07-07_B0BRCYV77T,1.4670348
2024-07-07_B0B69SF1BT,0.045925174
2024-07-07_B0BDRTZTGX,0.045925174
2024-07-07_B0BG2PD396,0.045925174
2024-07-07_B0BG2T78CJ,0.045925174
2024-07-07_B0BG2VYWSG,0.045925174
2024-07-07_B0BGDWGRQB,0.045925174
2024-07-07_B0BGDX2Z3L,0.045925174
2024-07-07_B0BDRQWBK9,0.045925174
2024-07-07_B0BGDXV7FD,0.045925174
2024-07-07_B0BGDZLDX2,0.045925174
2024-07-07_B0BNKYZD2Z,0.045925174
2024-07-07_B0BGDXM13S,0.045925174
2024-07-07_B0BNKZ9BJR,0.045925174
2024-07-07_B0BRCW2B64,0.045925174
2024-07-07_B0BNKZCWFL,0.045925174
2024-07-07_B0BRCXDHBX,0.045925174
2024-07-07_B0BRCXCXCV,0.01704011
2024-07-07_B0BRCW79VK,0.04663841
2024-07-07_B0BRCXJRX6,1.5071193
2024-07-07_B0BNL7TJRT,0.045925174
2024-07-07_B0BNL5BKMK,0.045925174
2024-07-07_B0BNL4Y2J9,0.045925174
2024-07-07_B0BNL3J36Z,0.045925174
2024-07-07_B0B31VFJ6Q,0.5556107
2024-07-07_B0BNKZ88Z5,0.045925174
2024-07-07_B0BRCXQMS5,1.9330336
2024-07-07_B0BRCXP7VN,0.045925174
2024-07-07_B0BRCXSTKW,0.045925174
2024-07-07_B0BRCXQRC9,1.0639905
2024-07-07_B0BRCXXBG2,0.045925174
2024-07-07_B0BRCY8QMH,0.045925174
2024-07-07_B0BRCYJ33N,1.4670348
2024-07-07_B0BRCYJ4SR,0.045925174
2024-07-07_B0BRCYK4JK,-0.18850647
2024-07-07_B0CY5QQ49F,0.01704011
2024-07-07_B0BRDCBGFD,0.045925174
2024-07-07_B0BRDCJWJC,0.045925174
2024-07-07_B0BSLTV9FL,0.045925174
2024-07-07_B0BSLWJKSX,0.045925174
2024-07-07_B0BRCYQNSW,3.2214005
2024-07-07_B0CFV6V981,0.9513107
2024-07-07_B0CR49BQRS,0.04237344
2024-07-07_B0CR49N6MQ,0.01704011
2024-07-07_B0CR49NR3B,0.04663841
2024-07-07_B0CR4BG4ZW,0.01704011
2024-07-07_B0CR4BGLK5,0.04663841
2024-07-07_B0CR4BK4FW,0.045925174
2024-07-07_B0CR4C5WXS,0.04663841
2024-07-07_B0CR4C98FS,0.04663841
2024-07-07_B0CY5KFQBD,0.04663841
2024-07-07_B0C9JLKFPZ,-0.026462924
2024-07-07_B0CY5LR4VX,2.8722992
2024-07-08_B09KDTHJ6V,0.03774088
2024-07-08_B09KDR64LT,0.03774088
2024-07-08_B09KDQ2BWY,0.03774088
2024-07-08_B09KDPXYG3,0.03774088
2024-07-08_B09MR36MLJ,0.03774088
2024-07-08_B09KDN7PYR,0.03774088
2024-07-08_B0B69SF1BT,0.03774088
2024-07-08_B09KDLQ2GW,0.03774088
2024-07-08_B09KDNYCYR,0.03774088
2024-07-08_B09KDTS4DC,0.03774088
2024-07-08_B09KTMLQ1N,5.9164176
2024-07-08_B09KDW1YKQ,0.03774088
2024-07-08_B09KDXJJ6W,0.03774088
2024-07-08_B09KDYY3SB,1.4922154
2024-07-08_B09KDZQJ6P,0.03774088
2024-07-08_B09KSYL73R,2.7237172
2024-07-08_B09KT5HMNY,0.03774088
2024-07-08_B09KTF8ZDQ,0.03774088
2024-07-08_B09KTFXX6L,3.1291382
2024-07-08_B09KTJRHC7,2.076265
2024-07-08_B09MR3RSW8,0.03774088
2024-07-08_B09KDVXTP4,0.03774088
2024-07-08_B09KTMKDKJ,0.5336324
2024-07-08_B09X1HV1NL,0.03774088
2024-07-08_B0B69FBGN1,0.03774088
2024-07-08_B09MR2FY5D,3.8066869
2024-07-08_B09MR56Q9N,0.03774088
2024-07-08_B09X1DHRLN,0.03774088
2024-07-08_B09MR5WS3Y,0.03774088
2024-07-08_B09MR5Q6HJ,0.03774088
2024-07-08_B09MR4G722,0.03774088
2024-07-08_B09MR4Z3H9,0.03774088
2024-07-08_B09MR4Z3H8,1.4922154
2024-07-08_B09X1F8C23,3.175365
2024-07-08_B09MR4B13C,2.5397935
2024-07-08_B09MR3Y296,0.03774088
2024-07-08_B09X1F1L26,0.03774088
2024-07-08_B09X1JTK49,0.03774088
2024-07-08_B0B31R1ZBV,0.03774088
2024-07-08_B09MR3XT5G,4.4419193
2024-07-08_B0B31V3PKG,0.03774088
2024-07-08_B0B31VFJ6Q,2.0966809
2024-07-08_B0B31Y1FDZ,0.03774088
2024-07-08_B0B699PLXD,0.03774088
2024-07-08_B0B69C4GST,0.03774088
2024-07-08_B0B69DD2C7,0.03774088
2024-07-08_B0B69DK8JN,0.03774088
2024-07-08_B0B31T1XMH,0.03774088
2024-07-08_B09KSXP3HN,4.033333
2024-07-08_B0BDRQWBK9,0.03774088
2024-07-08_B0BGDZLDX2,0.03774088
2024-07-08_B0BNKZ9BJR,0.03774088
2024-07-08_B0BRCXP7VN,0.03774088
2024-07-08_B0BG2Z8CY4,0.03774088
2024-07-08_B0BGDWGRQB,0.03774088
2024-07-08_B0BGDX2Z3L,0.03774088
2024-07-08_B0BGDXM13S,0.03774088
2024-07-08_B0BGDXV7FD,0.03774088
2024-07-08_B0BNKYZD2Z,0.03774088
2024-07-08_B0BNKZ88Z5,0.03774088
2024-07-08_B0BDRTZTGX,0.03774088
2024-07-08_B0BNL13PNY,0.03774088
2024-07-08_B0BRCW2B64,0.03774088
2024-07-08_B0BRCXDHBX,0.03774088
2024-07-08_B0BRCXCXCV,0.034189135
2024-07-08_B0BRCW79VK,0.03774088
2024-07-08_B0BRCXJRX6,-1.6367611
2024-07-08_B0BNL5BKMK,0.03774088
2024-07-08_B0BNL4Y2J9,0.03774088
2024-07-08_B0BNL4CB4X,0.03774088
2024-07-08_B0B69GN5KJ,0.03774088
2024-07-08_B0BNL3J36Z,0.03774088
2024-07-08_B0BRCXQMS5,2.6456337
2024-07-08_B0CFV6V981,0.008855804
2024-07-08_B0BG2PD396,0.03774088
2024-07-08_B0BDRS6R5Z,0.03774088
2024-07-08_B0CR49BQRS,0.034189135
2024-07-08_B0BRCXXBG2,0.03774088
2024-07-08_B0BRCY8QMH,0.03774088
2024-07-08_B0BRCYJ33N,2.1253843
2024-07-08_B0BRCYJ4SR,0.03774088
2024-07-08_B0BRCYK4JK,3.8994107
2024-07-08_B0BRCYQNSW,2.5593224
2024-07-08_B0BRCYV77T,3.0536304
2024-07-08_B0BRCXSTKW,0.03774088
2024-07-08_B0BRDCJWJC,0.03774088
2024-07-08_B0C9JLKFPZ,1.1435179
2024-07-08_B0CR49N6MQ,0.008855804
2024-07-08_B0BRDCBGFD,0.03774088
2024-07-08_B0CR49NR3B,0.034189135
2024-07-08_B0CY5QQ49F,0.008855804
2024-07-08_B0BRCXQRC9,1.0557313
2024-07-08_B0CY5KFQBD,1.0812354
2024-07-08_B0CR4C98FS,0.038454115
2024-07-08_B0CY5LR4VX,2.6505413
2024-07-08_B0CR4BK4FW,0.03774088
2024-07-08_B0CR4BGLK5,0.038454115
2024-07-08_B0CR4BG4ZW,1.4393306
2024-07-08_B0CR4C5WXS,0.038454115
2024-07-09_B09KDTS4DC,0.03774088
2024-07-09_B0BDRS6R5Z,0.03774088
2024-07-09_B09KDLQ2GW,0.03774088
2024-07-09_B09KDN7PYR,0.03774088
2024-07-09_B09KDNYCYR,0.03774088
2024-07-09_B09KDQ2BWY,0.03774088
2024-07-09_B09KDR64LT,0.03774088
2024-07-09_B09KDXJJ6W,0.03774088
2024-07-09_B09KDTHJ6V,0.03774088
2024-07-09_B09KDVXTP4,0.03774088
2024-07-09_B09MR2FY5D,0.03774088
2024-07-09_B09KDYY3SB,0.008855804
2024-07-09_B09MR36MLJ,0.03774088
2024-07-09_B09KSXP3HN,2.8510084
2024-07-09_B09KT5HMNY,0.03774088
2024-07-09_B09KTF8ZDQ,0.03774088
2024-07-09_B09KTFXX6L,2.7237172
2024-07-09_B09KTJRHC7,2.2232625
2024-07-09_B09KTMKDKJ,1.3721359
2024-07-09_B09KTMLQ1N,4.406671
2024-07-09_B09MR3RSW8,0.03774088
2024-07-09_B09KDW1YKQ,0.03774088
2024-07-09_B09KDZQJ6P,0.03774088
2024-07-09_B09X1JTK49,0.03774088
2024-07-09_B09MR3XT5G,3.2844021
2024-07-09_B09MR4G722,0.03774088
2024-07-09_B09MR4Z3H8,0.008855804
2024-07-09_B09MR4Z3H9,0.03774088
2024-07-09_B09MR56Q9N,0.03774088
2024-07-09_B09MR5WS3Y,0.03774088
2024-07-09_B09X1DHRLN,0.03774088
2024-07-09_B09X1F1L26,0.03774088
2024-07-09_B09X1F8C23,-0.8934261
2024-07-09_B09X1HV1NL,0.03774088
2024-07-09_B09MR4B13C,-1.5827163
2024-07-09_B0B31VFJ6Q,2.5593224
2024-07-09_B0B31R1ZBV,0.03774088
2024-07-09_B0B31SM3ZR,0.03774088
2024-07-09_B0B31T1XMH,0.03774088
2024-07-09_B0B31V3PKG,0.03774088
2024-07-09_B0B31Y1FDZ,-1.6071627
2024-07-09_B0B699PLXD,0.03774088
2024-07-09_B0B69C4GST,0.03774088
2024-07-09_B0B69DD2C7,0.03774088
2024-07-09_B0B69DK8JN,0.03774088
2024-07-09_B0B69N4B1S,0.03774088
2024-07-09_B09MR3Y296,0.03774088
2024-07-09_B09MR2MLZH,0.03774088
2024-07-09_B09KSYL73R,-0.13476157
2024-07-09_B0BNKYZD2Z,0.03774088
2024-07-09_B0BNL13PNY,0.03774088
2024-07-09_B0BRCXP7VN,0.03774088
2024-07-09_B0BG2T78CJ,0.03774088
2024-07-09_B0BGDWGRQB,0.03774088
2024-07-09_B0BGDX2Z3L,0.03774088
2024-07-09_B0BGDXM13S,0.03774088
2024-07-09_B0BGDXV7FD,0.03774088
2024-07-09_B0BGDZLDX2,0.03774088
2024-07-09_B0BNKZ88Z5,0.03774088
2024-07-09_B0BNKZ9BJR,0.03774088
2024-07-09_B0BRCXQMS5,0.034189135
2024-07-09_B0BG2PD396,0.03774088
2024-07-09_B0BNL3RDG4,0.03774088
2024-07-09_B0BRCXJRX6,0.038454115
2024-07-09_B0BNL4Y2J9,0.03774088
2024-07-09_B0BNL5BKMK,0.03774088
2024-07-09_B0BRCW2B64,0.03774088
2024-07-09_B0BRCW79VK,0.038454115
2024-07-09_B0BRCXCXCV,0.034189135
2024-07-09_B0BRCXDHBX,0.03774088
2024-07-09_B0BNL3J36Z,0.03774088
2024-07-09_B0BDRQWBK9,0.03774088
2024-07-09_B0BNL1CG6X,0.03774088
2024-07-09_B0CY5QQ49F,0.008855804
2024-07-09_B0BNKZBJX2,0.03774088
2024-07-09_B0CY5LR4VX,2.6505413
2024-07-09_B0BRCXSTKW,0.03774088
2024-07-09_B0BDRTZTGX,0.03774088
2024-07-09_B0BRCXQRC9,0.038454115
2024-07-09_B0BRCXXBG2,0.03774088
2024-07-09_B0BRCY8QMH,0.03774088
2024-07-09_B0BRCYJ33N,0.008855804
2024-07-09_B0BRCYJ4SR,0.03774088
2024-07-09_B0BRCYQNSW,-0.13476157
2024-07-09_B0BRCYV77T,0.008855804
2024-07-09_B0BRDCBGFD,0.03774088
2024-07-09_B0BRDCJWJC,0.03774088
2024-07-09_B0BRCYK4JK,0.008855804
2024-07-09_B0CY5KFQBD,1.0050819
2024-07-09_B0CFV6V981,0.008855804
2024-07-09_B0CR49BQRS,0.034189135
2024-07-09_B0CR49N6MQ,1.1195613
2024-07-09_B0CR49NR3B,0.034189135
2024-07-09_B0CR4BG4ZW,0.008855804
2024-07-09_B0CR4BGLK5,0.038454115
2024-07-09_B0CR4BK4FW,0.03774088
2024-07-09_B0CR4C5WXS,0.038454115
2024-07-09_B0CR4C98FS,0.038454115
2024-07-09_B0C9JLKFPZ,0.008855804
2024-07-10_B09KDTS4DC,0.03774088
2024-07-10_B09KDTHJ6V,0.03774088
2024-07-10_B09KDR64LT,0.03774088
2024-07-10_B09KDQ2BWY,0.03774088
2024-07-10_B09KDPXYG3,0.03774088
2024-07-10_B09MR3Y296,0.03774088
2024-07-10_B09KDN7PYR,0.03774088
2024-07-10_B0BDRQWBK9,0.03774088
2024-07-10_B09MR3XT5G,4.4214263
2024-07-10_B09KDVXTP4,0.03774088
2024-07-10_B09KDNYCYR,0.03774088
2024-07-10_B09KDW1YKQ,0.03774088
2024-07-10_B09MR2FY5D,3.8066869
2024-07-10_B09KDYY3SB,0.008855804
2024-07-10_B09KDZQJ6P,0.03774088
2024-07-10_B09KSXP3HN,3.4554217
2024-07-10_B09KSYL73R,2.4792378
2024-07-10_B09KT5HMNY,0.03774088
2024-07-10_B09KTF8ZDQ,0.03774088
2024-07-10_B09KTFXX6L,1.8522028
2024-07-10_B09KTJRHC7,3.3678145
2024-07-10_B09KTMKDKJ,0.03774088
2024-07-10_B09KTMLQ1N,4.102494
2024-07-10_B09KDLQ2GW,0.03774088
2024-07-10_B09KDXJJ6W,0.03774088
2024-07-10_B09MR4G722,0.03774088
2024-07-10_B09X1HV1NL,0.03774088
2024-07-10_B0B69GN5KJ,0.03774088
2024-07-10_B09X1F1L26,0.03774088
2024-07-10_B0B31R1ZBV,0.03774088
2024-07-10_B09X1JTK49,0.03774088
2024-07-10_B09MR36MLJ,0.03774088
2024-07-10_B09X1FWK8Z,0.03774088
2024-07-10_B09X1F8C23,1.8471762
2024-07-10_B09MR5WS3Y,0.03774088
2024-07-10_B09X1DHRLN,0.03774088
2024-07-10_B09MR56Q9N,0.03774088
2024-07-10_B09MR4Z3H9,0.03774088
2024-07-10_B09MR4Z3H8,0.008855804
2024-07-10_B0B31T1XMH,0.03774088
2024-07-10_B0B31SM3ZR,0.03774088
2024-07-10_B0B69N4B1S,0.03774088
2024-07-10_B0B31V3PKG,0.03774088
2024-07-10_B0B31VFJ6Q,2.5593224
2024-07-10_B0B31VTH56,0.03774088
2024-07-10_B0B31Y1FDZ,1.3231167
2024-07-10_B0B699PLXD,0.03774088
2024-07-10_B0B69B8R3C,0.03774088
2024-07-10_B0B69C4GST,0.03774088
2024-07-10_B0B69DD2C7,0.03774088
2024-07-10_B0B69DK8JN,0.03774088
2024-07-10_B0B69FBGN1,0.03774088
2024-07-10_B0B69G3YRM,0.03774088
2024-07-10_B09MR4B13C,1.5053866
2024-07-10_B09MR3RSW8,0.03774088
2024-07-10_B09MR2MLZH,0.03774088
2024-07-10_B0BG2T78CJ,0.03774088
2024-07-10_B0BNKZCWFL,0.03774088
2024-07-10_B0BRCXJRX6,0.038454115
2024-07-10_B0BGDWGRQB,0.03774088
2024-07-10_B0BGDX2Z3L,0.03774088
2024-07-10_B0BGDXM13S,0.03774088
2024-07-10_B0BGDXV7FD,0.03774088
2024-07-10_B0BGDZLDX2,0.03774088
2024-07-10_B0BNKYPVM6,0.03774088
2024-07-10_B0BNKYZD2Z,0.03774088
2024-07-10_B0BNKZ88Z5,0.03774088
2024-07-10_B0BNKZ9BJR,0.03774088
2024-07-10_B0BNKZBJX2,0.03774088
2024-07-10_B0BG2Z8CY4,0.03774088
2024-07-10_B0BNL11QD8,0.03774088
2024-07-10_B0BNL5BKMK,0.03774088
2024-07-10_B0BNL1CG6X,0.03774088
2024-07-10_B0BRCXCXCV,0.03774088
2024-07-10_B0BRCW79VK,0.03774088
2024-07-10_B0BRCW2B64,0.03774088
2024-07-10_B0BRCXDHBX,0.03774088
2024-07-10_B0BNL4Y2J9,0.03774088
2024-07-10_B0BNL4S6MB,0.03774088
2024-07-10_B0BNL4CB4X,0.03774088
2024-07-10_B0BNL3RDG4,0.03774088
2024-07-10_B0B69SF1BT,0.03774088
2024-07-10_B0BRCXP7VN,0.03774088
2024-07-10_B0CR4C98FS,0.03774088
2024-07-10_B0BNL3J36Z,0.03774088
2024-07-10_B0CY5QQ49F,0.03774088
2024-07-10_B0BRCXQRC9,0.038454115
2024-07-10_B0BRCXQMS5,2.2324905
2024-07-10_B0BRCXSTKW,0.03774088
2024-07-10_B0BRCXXBG2,0.03774088
2024-07-10_B0BRCY8QMH,0.03774088
2024-07-10_B0BRCYJ33N,1.1435179
2024-07-10_B0BRCYJ4SR,0.03774088
2024-07-10_B0BRCYK4JK,1.0700561
2024-07-10_B0BRCYQNSW,3.2348464
2024-07-10_B0BRCYV77T,0.008855804
2024-07-10_B0BRDCBGFD,0.03774088
2024-07-10_B0BRDCJWJC,0.03774088
2024-07-10_B0BSLWJKSX,0.03774088
2024-07-10_B0BDRTZTGX,0.03774088
2024-07-10_B0CFV6V981,2.2324905
2024-07-10_B0C9JLKFPZ,0.034189135
2024-07-10_B0CY5LR4VX,3.4659789
2024-07-10_B0CY5KFQBD,0.038454115
2024-07-10_B0BG2PD396,0.03774088
2024-07-10_B0CR4BK4FW,0.03774088
2024-07-10_B0CR4C5WXS,0.038454115
2024-07-10_B0CR4BG4ZW,0.008855804
2024-07-10_B0CR49NR3B,0.038454115
2024-07-10_B0CR49N6MQ,0.008855804
2024-07-10_B0CR49BQRS,0.034189135
2024-07-10_B0CQVLFPBQ,0.03774088
2024-07-10_B0CR4BGLK5,1.2158442
2024-07-11_B09KDTHJ6V,0.028779285
2024-07-11_B09KDVXTP4,0.028779285
2024-07-11_B09KDTS4DC,0.028779285
2024-07-11_B09KDR64LT,0.028779285
2024-07-11_B09MR3XT5G,4.4329576
2024-07-11_B09KDNYCYR,0.028779285
2024-07-11_B09KDN7PYR,0.028779285
2024-07-11_B09KDLQ2GW,0.028779285
2024-07-11_B0BDRQWBK9,0.028779285
2024-07-11_B09KDPXYG3,0.028779285
2024-07-11_B09KDW1YKQ,0.028779285
2024-07-11_B09KT5HMNY,0.028779285
2024-07-11_B09KDYY3SB,1.1470525
2024-07-11_B09KDZQJ6P,0.028779285
2024-07-11_B09KSXP3HN,2.9766557
2024-07-11_B09KSYL73R,2.0877194
2024-07-11_B09KTF8ZDQ,0.028779285
2024-07-11_B09KTFXX6L,-0.20565243
2024-07-11_B09KTJRHC7,0.028779285
2024-07-11_B09KTMKDKJ,0.028779285
2024-07-11_B09KTMLQ1N,4.0553393
2024-07-11_B09MR2FY5D,0.029492518
2024-07-11_B09MR2MLZH,0.028779285
2024-07-11_B09MR3Y296,0.028779285
2024-07-11_B09KDXJJ6W,0.028779285
2024-07-11_B09KDQ2BWY,0.028779285
2024-07-11_B0B31V3PKG,0.028779285
2024-07-11_B09MR36MLJ,0.028779285
2024-07-11_B09X1F1L26,-1.6168375
2024-07-11_B0B31R1ZBV,0.028779285
2024-07-11_B09X1JTK49,0.028779285
2024-07-11_B09X1HV1NL,0.028779285
2024-07-11_B09X1FWK8Z,0.028779285
2024-07-11_B09X1F8C23,3.7934399
2024-07-11_B09MR56Q9N,0.028779285
2024-07-11_B09X1DHRLN,0.028779285
2024-07-11_B09MR5WS3Y,0.028779285
2024-07-11_B09MR4Z3H8,0.025227547
2024-07-11_B09MR4Z3H9,0.028779285
2024-07-11_B0B31T1XMH,0.028779285
2024-07-11_B0B31SM3ZR,0.028779285
2024-07-11_B0B69FBGN1,0.028779285
2024-07-11_B0B31VFJ6Q,2.550361
2024-07-11_B0B31VTH56,0.028779285
2024-07-11_B0B31Y1FDZ,3.296852
2024-07-11_B0B699PLXD,0.028779285
2024-07-11_B0B69B8R3C,0.028779285
2024-07-11_B0B69C4GST,0.028779285
2024-07-11_B0B69DD2C7,0.028779285
2024-07-11_B0B69DK8JN,0.028779285
2024-07-11_B0B69G3YRM,0.028779285
2024-07-11_B0B69GN5KJ,0.028779285
2024-07-11_B0B69N4B1S,0.028779285
2024-07-11_B09MR4G722,0.028779285
2024-07-11_B09MR3RSW8,0.028779285
2024-07-11_B09MR4B13C,2.5677586
2024-07-11_B0BRCXQMS5,3.9948387
2024-07-11_B0BNKZCWFL,0.028779285
2024-07-11_B0BRCXDHBX,0.028779285
2024-07-11_B0BG2T78CJ,0.028779285
2024-07-11_B0BG2Z8CY4,0.028779285
2024-07-11_B0BGDWGRQB,0.028779285
2024-07-11_B0BGDX2Z3L,0.028779285
2024-07-11_B0BGDXM13S,0.028779285
2024-07-11_B0BGDXV7FD,0.028779285
2024-07-11_B0BGDZLDX2,0.028779285
2024-07-11_B0BNKYZD2Z,0.028779285
2024-07-11_B0BNKZ88Z5,0.028779285
2024-07-11_B0BNKZ9BJR,0.028779285
2024-07-11_B0BNKZBJX2,0.028779285
2024-07-11_B0BNKYPVM6,0.028779285
2024-07-11_B0BNL11QD8,0.028779285
2024-07-11_B0BNL4S6MB,0.028779285
2024-07-11_B0BRCW79VK,0.028779285
2024-07-11_B0BRCW2B64,0.028779285
2024-07-11_B0BNL5BKMK,0.028779285
2024-07-11_B0BNL4Y2J9,0.028779285
2024-07-11_B0BNL4CB4X,0.028779285
2024-07-11_B0BNL3J36Z,0.028779285
2024-07-11_B0BNL1CG6X,0.028779285
2024-07-11_B0BNL3RDG4,0.028779285
2024-07-11_B0B69SF1BT,0.028779285
2024-07-11_B0BRCXJRX6,0.029492518
2024-07-11_B0BSLWJKSX,0.028779285
2024-07-11_B0BRCXCXCV,0.028779285
2024-07-11_B0CY5QQ49F,0.028779285
2024-07-11_B0BG2PD396,0.028779285
2024-07-11_B0BDRTZTGX,0.028779285
2024-07-11_B0BRCXP7VN,0.028779285
2024-07-11_B0BRCXQRC9,0.025227547
2024-07-11_B0BRCXXBG2,0.028779285
2024-07-11_B0BRCY8QMH,0.028779285
2024-07-11_B0BRCYJ33N,1.1640105
2024-07-11_B0BRCYJ4SR,0.028779285
2024-07-11_B0BRCYK4JK,1.0273155
2024-07-11_B0BRCYQNSW,2.550361
2024-07-11_B0BRCYV77T,1.1345563
2024-07-11_B0BRDCBGFD,0.028779285
2024-07-11_B0BRDCJWJC,0.028779285
2024-07-11_B0BRCXSTKW,0.028779285
2024-07-11_B0CFV6V981,-1.6457226
2024-07-11_B0C9JLKFPZ,0.029492518
2024-07-11_B0CY5KFQBD,0.028779285
2024-07-11_B0CY5LR4VX,3.4464605
2024-07-11_B0CR4C5WXS,0.029492518
2024-07-11_B0CR4BK4FW,0.028779285
2024-07-11_B0CR4C98FS,1.0639044
2024-07-11_B0CR4BG4ZW,-0.00010578969
2024-07-11_B0CR49NR3B,0.029492518
2024-07-11_B0CR49N6MQ,-0.00010578969
2024-07-11_B0CR49BQRS,-0.00010578969
2024-07-11_B0CQVLFPBQ,0.028779285
2024-07-11_B0CR4BGLK5,0.028779285
2024-07-12_B09KDXJJ6W,0.028779285
2024-07-12_B09KDLQ2GW,0.028779285
2024-07-12_B0BG2PD396,0.028779285
2024-07-12_B09KDNYCYR,0.028779285
2024-07-12_B09KDPXYG3,0.028779285
2024-07-12_B09KDQ2BWY,0.028779285
2024-07-12_B09KDR64LT,0.028779285
2024-07-12_B09KDTHJ6V,0.028779285
2024-07-12_B09KDVXTP4,0.028779285
2024-07-12_B09KDW1YKQ,0.028779285
2024-07-12_B09KSYL73R,2.7147558
2024-07-12_B09MR36MLJ,0.028779285
2024-07-12_B09KDZQJ6P,0.028779285
2024-07-12_B09KSXP3HN,2.8336775
2024-07-12_B09KTF8ZDQ,0.028779285
2024-07-12_B09KTFXX6L,2.3058815
2024-07-12_B09KTJRHC7,3.2503405
2024-07-12_B09KTMKDKJ,-1.6457226
2024-07-12_B09MR3RSW8,0.028779285
2024-07-12_B09KTMLQ1N,4.013816
2024-07-12_B09KDYY3SB,1.1613027
2024-07-12_B09KDN7PYR,0.028779285
2024-07-12_B09X1F8C23,3.7934399
2024-07-12_B09MR3XT5G,4.0483093
2024-07-12_B09MR2FY5D,2.8888555
2024-07-12_B09X1HV1NL,2.550361
2024-07-12_B09MR4Z3H8,1.9745262
2024-07-12_B09MR4B13C,2.550361
2024-07-12_B09MR4Z3H9,0.028779285
2024-07-12_B09MR56Q9N,1.1275237
2024-07-12_B09MR5WS3Y,0.028779285
2024-07-12_B09X1DHRLN,0.028779285
2024-07-12_B09X1F1L26,0.028779285
2024-07-12_B09MR3Y296,0.028779285
2024-07-12_B09X1FWK8Z,0.028779285
2024-07-12_B09X1JTK49,0.028779285
2024-07-12_B0B31R1ZBV,0.028779285
2024-07-12_B0B31T1XMH,0.028779285
2024-07-12_B0B31V3PKG,0.028779285
2024-07-12_B0B31VFJ6Q,2.5677586
2024-07-12_B0B31VTH56,0.028779285
2024-07-12_B0B699PLXD,0.028779285
2024-07-12_B0B69B8R3C,0.028779285
2024-07-12_B0B69FBGN1,0.028779285
2024-07-12_B0B69DK8JN,0.028779285
2024-07-12_B0BDRTZTGX,0.028779285
2024-07-12_B0BRCYV77T,1.1275237
2024-07-12_B0BG2T78CJ,0.028779285
2024-07-12_B0BGDX2Z3L,2.6948428
2024-07-12_B0BRCXQRC9,0.028779285
2024-07-12_B0BGDXM13S,0.028779285
2024-07-12_B0BGDXV7FD,1.634048
2024-07-12_B0BGDZLDX2,0.028779285
2024-07-12_B0BNKY8RQN,0.028779285
2024-07-12_B0BNKYZD2Z,0.028779285
2024-07-12_B0BNKZ88Z5,0.028779285
2024-07-12_B0BNKZCWFL,0.028779285
2024-07-12_B0BNL3J36Z,0.028779285
2024-07-12_B0BNKYPVM6,0.028779285
2024-07-12_B0BNL5BKMK,0.028779285
2024-07-12_B0BNL5HYLR,0.028779285
2024-07-12_B0BNL5JR7V,0.028779285
2024-07-12_B0BRCW2B64,0.028779285
2024-07-12_B0BRCW79VK,0.91728884
2024-07-12_B0BRCXCXCV,0.028779285
2024-07-12_B0BRCXDHBX,0.028779285
2024-07-12_B0B31Y1FDZ,0.9787373
2024-07-12_B0BRCXQMS5,1.2991399
2024-07-12_B0BNL46Y7W,0.028779285
2024-07-12_B0BRCXSTKW,0.028779285
2024-07-12_B0BRCXJRX6,0.029492518
2024-07-12_B0BRCY8QMH,0.028779285
2024-07-12_B0CR49NR3B,0.029492518
2024-07-12_B0CR49BQRS,1.16445
2024-07-12_B0BRCYK4JK,-0.00010578969
2024-07-12_B0BRCYQNSW,2.7147558
2024-07-12_B0BRDCBGFD,0.028779285
2024-07-12_B0BRDCJWJC,0.028779285
2024-07-12_B0BSLVXHYJ,0.028779285
2024-07-12_B0C9JLKFPZ,0.029492518
2024-07-12_B0CFV6V981,0.9341647
2024-07-12_B0CR49N6MQ,0.025227547
2024-07-12_B0BRCYJ33N,1.5733472
2024-07-12_B0CR4BG4ZW,-0.00010578969
2024-07-12_B0CR4BGLK5,0.025227547
2024-07-12_B0CR4BK4FW,0.028779285
2024-07-12_B0CR4C5WXS,0.029492518
2024-07-12_B0CR4C98FS,0.028779285
2024-07-12_B0CY5KFQBD,2.2235289
2024-07-12_B0CY5LR4VX,2.0437815
2024-07-12_B0BGDWGRQB,0.028779285
2024-07-12_B0CY5QQ49F,0.028779285
2024-07-12_B0BRCXXBG2,0.028779285
2024-07-13_B09KDVXTP4,0.045925174
2024-07-13_B09KDTHJ6V,0.045925174
2024-07-13_B0BDRTZTGX,0.045925174
2024-07-13_B09KDQ2BWY,0.045925174
2024-07-13_B09KDN7PYR,0.045925174
2024-07-13_B09KDYY3SB,1.1517024
2024-07-13_B09KDR64LT,0.045925174
2024-07-13_B09KDW1YKQ,0.045925174
2024-07-13_B09KTF8ZDQ,0.045925174
2024-07-13_B09KDZQJ6P,0.045925174
2024-07-13_B09MR3XT5G,5.8551936
2024-07-13_B09KSXP3HN,4.049915
2024-07-13_B09KTFXX6L,3.626662
2024-07-13_B09KTJRHC7,3.8148708
2024-07-13_B09KTMKDKJ,0.83590764
2024-07-13_B09KTMLQ1N,4.041518
2024-07-13_B09MR3Y296,0.045925174
2024-07-13_B09MR2FY5D,2.3774471
2024-07-13_B09KDXJJ6W,0.045925174
2024-07-13_B09KSYL73R,2.5675068
2024-07-13_B0B31T1XMH,0.045925174
2024-07-13_B0B69FBGN1,0.045925174
2024-07-13_B09MR3RSW8,0.045925174
2024-07-13_B09MR4Z3H9,0.045925174
2024-07-13_B0B31R1ZBV,0.045925174
2024-07-13_B09MR5WS3Y,0.045925174
2024-07-13_B09X1F1L26,0.045925174
2024-07-13_B09X1F8C23,3.530332
2024-07-13_B09X1FWK8Z,0.045925174
2024-07-13_B09X1HV1NL,2.927249
2024-07-13_B09X1JTK49,0.045925174
2024-07-13_B09MR56Q9N,2.0842657
2024-07-13_B0B31Y1FDZ,0.045925174
2024-07-13_B0B31V3PKG,0.045925174
2024-07-13_B0B31VFJ6Q,3.3659372
2024-07-13_B0B699PLXD,0.045925174
2024-07-13_B0B69B8R3C,0.045925174
2024-07-13_B0B69C4GST,0.045925174
2024-07-13_B09KDLQ2GW,2.5105877
2024-07-13_B0B69DK8JN,0.045925174
2024-07-13_B09MR4B13C,2.7319016
2024-07-13_B09MR4Z3H8,2.4048152
2024-07-13_B0B69SF1BT,0.045925174
2024-07-13_B0BRCYQNSW,4.049915
2024-07-13_B0BG2PD396,0.045925174
2024-07-13_B0BNL5CJ8G,0.045925174
2024-07-13_B0BGDWGRQB,0.045925174
2024-07-13_B0BRCXQMS5,1.8211706
2024-07-13_B0BGDX2Z3L,0.045925174
2024-07-13_B0BGDXV7FD,0.045925174
2024-07-13_B0BNKY8RQN,0.045925174
2024-07-13_B0BNKYPVM6,0.045925174
2024-07-13_B0BNL3J36Z,0.045925174
2024-07-13_B0BRCXQRC9,0.04663841
2024-07-13_B0BNL5BKMK,0.045925174
2024-07-13_B0BNL5HYLR,0.045925174
2024-07-13_B0BRCW79VK,0.045925174
2024-07-13_B0BRCXP7VN,0.045925174
2024-07-13_B0BRCXDHBX,0.045925174
2024-07-13_B0BRCXCXCV,0.04663841
2024-07-13_B0BRCXJRX6,0.04663841
2024-07-13_B0BRCW2B64,0.045925174
2024-07-13_B0B69DD2C7,0.045925174
2024-07-13_B0BNKYZD2Z,0.045925174
2024-07-13_B0CR49BQRS,1.5004
2024-07-13_B0BNKZ88Z5,0.045925174
2024-07-13_B0BG2T78CJ,0.045925174
2024-07-13_B0BRCXXBG2,0.045925174
2024-07-13_B0BRCYJ33N,1.1641986
2024-07-13_B0BRCYK4JK,1.3285934
2024-07-13_B0BNL5JR7V,0.045925174
2024-07-13_B0BRCYV77T,1.1641986
2024-07-13_B0BRDCBGFD,0.045925174
2024-07-13_B0BRDCJWJC,0.045925174
2024-07-13_B0C9JLKFPZ,0.04663841
2024-07-13_B0CFV6V981,1.0514942
2024-07-13_B0CR49N6MQ,0.04237344
2024-07-13_B0BSLVXHYJ,0.045925174
2024-07-13_B0CY5LR4VX,1.9502189
2024-07-13_B0CR4BG4ZW,1.3185719
2024-07-13_B0CR4BGLK5,1.0639905
2024-07-13_B0CR4BK4FW,0.045925174
2024-07-13_B0CR4C5WXS,0.04663841
2024-07-13_B0CR4C98FS,0.04663841
2024-07-13_B0CY5KFQBD,0.01704011
2024-07-13_B0CR49NR3B,0.04237344
2024-07-13_B0CY5QQ49F,0.04237344
2024-07-14_B09KDR64LT,0.045925174
2024-07-14_B09KDQ2BWY,0.045925174
2024-07-14_B09KDPXYG3,0.045925174
2024-07-14_B09KDYY3SB,1.1517024
2024-07-14_B09KDLQ2GW,0.045925174
2024-07-14_B0BDRTZTGX,0.045925174
2024-07-14_B09KDTHJ6V,0.045925174
2024-07-14_B09KDN7PYR,0.045925174
2024-07-14_B09KDW1YKQ,0.045925174
2024-07-14_B09MR2MLZH,0.045925174
2024-07-14_B09KDZQJ6P,0.045925174
2024-07-14_B09MR3RSW8,0.045925174
2024-07-14_B09KSYL73R,2.5849044
2024-07-14_B09KTF8ZDQ,0.045925174
2024-07-14_B09KTFXX6L,3.646191
2024-07-14_B09KTJRHC7,0.045925174
2024-07-14_B09KTMKDKJ,0.045925174
2024-07-14_B09KTMLQ1N,4.0098386
2024-07-14_B09MR3XT5G,5.988175
2024-07-14_B09KDXJJ6W,0.045925174
2024-07-14_B09KSXP3HN,3.6635885
2024-07-14_B09MR4Z3H9,0.045925174
2024-07-14_B09MR3Y296,0.045925174
2024-07-14_B0B31R1ZBV,0.045925174
2024-07-14_B09MR36MLJ,0.045925174
2024-07-14_B09MR56Q9N,1.3285934
2024-07-14_B09MR5WS3Y,0.045925174
2024-07-14_B09X1DHRLN,0.045925174
2024-07-14_B09X1F1L26,0.045925174
2024-07-14_B09X1F8C23,3.6635885
2024-07-14_B09X1HV1NL,2.927249
2024-07-14_B09X1JTK49,0.045925174
2024-07-14_B09MR4B13C,2.7319016
2024-07-14_B09MR4Z3H8,1.5004
2024-07-14_B0B31SM3ZR,0.045925174
2024-07-14_B0B31T1XMH,0.045925174
2024-07-14_B0B31V3PKG,0.045925174
2024-07-14_B0B31VFJ6Q,2.7413614
2024-07-14_B0B31VTH56,0.045925174
2024-07-14_B0B31Y1FDZ,0.045925174
2024-07-14_B0B699PLXD,0.045925174
2024-07-14_B0B69B8R3C,0.045925174
2024-07-14_B0B69DD2C7,0.045925174
2024-07-14_B0B69DK8JN,0.045925174
2024-07-14_B0BDRQWBK9,0.045925174
2024-07-14_B09MR2FY5D,1.8571987
2024-07-14_B0BG2PD396,0.045925174
2024-07-14_B0BNL5BKMK,0.045925174
2024-07-14_B0BRCXQRC9,1.0682554
2024-07-14_B0BGDXM13S,0.045925174
2024-07-14_B0BGDXV7FD,0.045925174
2024-07-14_B0BGDZLDX2,0.045925174
2024-07-14_B0BNKYPVM6,0.045925174
2024-07-14_B0BNKYZD2Z,0.045925174
2024-07-14_B0BNKZ88Z5,0.045925174
2024-07-14_B0BNKZCWFL,0.045925174
2024-07-14_B0BRCXSTKW,0.045925174
2024-07-14_B0BGDWGRQB,0.045925174
2024-07-14_B0BRCXDHBX,0.045925174
2024-07-14_B0BNL5HYLR,0.045925174
2024-07-14_B0BRCXP7VN,0.045925174
2024-07-14_B0BRCXJRX6,0.04237344
2024-07-14_B0BRCXQMS5,1.1641986
2024-07-14_B0BRCXCXCV,0.04237344
2024-07-14_B0BRCW79VK,0.045925174
2024-07-14_B0BRCW2B64,0.045925174
2024-07-14_B0BGDX2Z3L,2.5105877
2024-07-14_B0BNL5CJ8G,0.045925174
2024-07-14_B0CY5LR4VX,-0.102279946
2024-07-14_B0BNL3J36Z,0.045925174
2024-07-14_B0CY5QQ49F,0.04237344
2024-07-14_B0BRCY8QMH,0.045925174
2024-07-14_B0BRCYJ33N,1.3313012
2024-07-14_B0BRCYJ4SR,0.045925174
2024-07-14_B0BRCYK4JK,2.195535
2024-07-14_B0BRCYQNSW,4.3112144
2024-07-14_B0BRCYV77T,1.1784488
2024-07-14_B0BRDCBGFD,0.045925174
2024-07-14_B0BRDCJWJC,0.045925174
2024-07-14_B0C9JLKFPZ,0.04237344
2024-07-14_B0CFV6V981,-1.6285765
2024-07-14_B0CR49BQRS,0.01704011
2024-07-14_B0BG2VYWSG,0.045925174
2024-07-14_B0BRCXXBG2,0.045925174
2024-07-14_B0CR49NR3B,0.04663841
2024-07-14_B0CR4BG4ZW,0.01704011
2024-07-14_B0CR4BGLK5,0.04237344
2024-07-14_B0CR4BK4FW,0.045925174
2024-07-14_B0CR4C5WXS,0.04237344
2024-07-14_B0CR4C98FS,0.04663841
2024-07-14_B0CY5KFQBD,0.04663841
2024-07-14_B0CR49N6MQ,0.01704011
2024-07-15_B09KDTHJ6V,0.03774088
2024-07-15_B09KDR64LT,0.03774088
2024-07-15_B09KDLQ2GW,1.0398288
2024-07-15_B09KDQ2BWY,0.03774088
2024-07-15_B09MR3RSW8,0.03774088
2024-07-15_B09KDN7PYR,0.03774088
2024-07-15_B0BDRS6R5Z,0.03774088
2024-07-15_B09KDTS4DC,0.03774088
2024-07-15_B09KDYY3SB,0.008855804
2024-07-15_B09KDPXYG3,0.03774088
2024-07-15_B09KDVXTP4,0.03774088
2024-07-15_B09KSYL73R,2.5981598
2024-07-15_B09KDZQJ6P,0.03774088
2024-07-15_B09MR36MLJ,0.03774088
2024-07-15_B09KSXP3HN,4.0417304
2024-07-15_B09KT5HMNY,0.03774088
2024-07-15_B09KTF8ZDQ,0.03774088
2024-07-15_B09KTFXX6L,3.175365
2024-07-15_B09KTJRHC7,0.03774088
2024-07-15_B09KTMKDKJ,0.9901329
2024-07-15_B09KTMLQ1N,4.1679425
2024-07-15_B09KDW1YKQ,0.03774088
2024-07-15_B09KDXJJ6W,0.03774088
2024-07-15_B09X1JTK49,0.03774088
2024-07-15_B09MR3XT5G,5.979991
2024-07-15_B09MR2FY5D,2.3692627
2024-07-15_B09MR4G722,0.03774088
2024-07-15_B09MR4Z3H8,0.8429184
2024-07-15_B09MR56Q9N,1.1560141
2024-07-15_B09MR5WS3Y,0.03774088
2024-07-15_B09X1DHRLN,0.03774088
2024-07-15_B09X1F1L26,0.03774088
2024-07-15_B09X1F8C23,2.138018
2024-07-15_B09X1HV1NL,3.5424926
2024-07-15_B09MR4Z3H9,0.03774088
2024-07-15_B0B31Y1FDZ,0.03774088
2024-07-15_B0B31R1ZBV,0.03774088
2024-07-15_B0B31T1XMH,0.03774088
2024-07-15_B0B31V3PKG,0.03774088
2024-07-15_B0B31VFJ6Q,2.1557174
2024-07-15_B0B31VTH56,0.03774088
2024-07-15_B0B69B8R3C,0.03774088
2024-07-15_B0B69C4GST,0.03774088
2024-07-15_B0B69DD2C7,0.03774088
2024-07-15_B0B69DK8JN,0.03774088
2024-07-15_B0B69FBGN1,0.03774088
2024-07-15_B09MR3Y296,1.2821441
2024-07-15_B09MR2MLZH,0.03774088
2024-07-15_B09MR4B13C,2.0590887
2024-07-15_B0CR4C98FS,0.03774088
2024-07-15_B0BNL1MQ48,0.03774088
2024-07-15_B0BG2VYWSG,0.03774088
2024-07-15_B0BGDWGRQB,0.03774088
2024-07-15_B0BGDX2Z3L,0.03774088
2024-07-15_B0BGDXM13S,0.03774088
2024-07-15_B0BGDXV7FD,0.03774088
2024-07-15_B0BGDZLDX2,0.03774088
2024-07-15_B0BNKYZD2Z,0.03774088
2024-07-15_B0BNKZ88Z5,0.03774088
2024-07-15_B0BNKZCWFL,0.03774088
2024-07-15_B0BRCXQMS5,1.1227087
2024-07-15_B0BNKYPVM6,0.03774088
2024-07-15_B0BRCXJRX6,0.03774088
2024-07-15_B0BNL3ZV7H,0.03774088
2024-07-15_B0BRCXDHBX,0.03774088
2024-07-15_B0BRCXCXCV,0.034189135
2024-07-15_B0BRCXP7VN,0.03774088
2024-07-15_B0BNL5BKMK,0.03774088
2024-07-15_B0BRCW2B64,0.03774088
2024-07-15_B0BNL5HYLR,0.03774088
2024-07-15_B0BNL5CJ8G,0.03774088
2024-07-15_B0B69SF1BT,0.03774088
2024-07-15_B0BNL3J36Z,0.03774088
2024-07-15_B0CY5QQ49F,1.7610575
2024-07-15_B0BRCW79VK,0.03774088
2024-07-15_B0BG2PD396,0.03774088
2024-07-15_B0BRCXSTKW,0.03774088
2024-07-15_B0BDRTZTGX,0.03774088
2024-07-15_B0BRCXQRC9,0.03774088
2024-07-15_B0BRCXXBG2,0.03774088
2024-07-15_B0BRCY8QMH,0.03774088
2024-07-15_B0BRCYJ33N,1.1560141
2024-07-15_B0BRCYK4JK,0.034189135
2024-07-15_B0BRCYQNSW,4.3030305
2024-07-15_B0BRCYV77T,1.1734116
2024-07-15_B0BRDCBGFD,0.03774088
2024-07-15_B0BRDCJWJC,0.03774088
2024-07-15_B0BRCYJ4SR,0.03774088
2024-07-15_B0CR4BK4FW,0.03774088
2024-07-15_B0CFV6V981,0.72751534
2024-07-15_B0CR49BQRS,0.008855804
2024-07-15_B0CR49N6MQ,0.034189135
2024-07-15_B0CR49NR3B,0.034189135
2024-07-15_B0CR4BG4ZW,0.034189135
2024-07-15_B0CR4BGLK5,1.3576066
2024-07-15_B0CY5LR4VX,2.2324905
2024-07-15_B0CR4C5WXS,0.038454115
2024-07-15_B0CY5KFQBD,0.03774088
2024-07-15_B0C9JLKFPZ,0.03774088
2024-07-16_B09KDTS4DC,0.03774088
2024-07-16_B09KSXP3HN,27.280622
2024-07-16_B09KDTHJ6V,0.03774088
2024-07-16_B09KDW1YKQ,0.03774088
2024-07-16_B09KDVXTP4,0.03774088
2024-07-16_B09KDR64LT,0.03774088
2024-07-16_B09KDLQ2GW,3.3776674
2024-07-16_B09KDPXYG3,0.03774088
2024-07-16_B09KDNYCYR,0.03774088
2024-07-16_B0BGDXV7FD,1.6430095
2024-07-16_B09KDXJJ6W,0.03774088
2024-07-16_B09KDQ2BWY,0.03774088
2024-07-16_B09KDYY3SB,5.859229
2024-07-16_B09MR36MLJ,0.03774088
2024-07-16_B09KSYL73R,10.462457
2024-07-16_B09MR4D874,0.03774088
2024-07-16_B09KT5HMNY,0.03774088
2024-07-16_B09KTF8ZDQ,0.03774088
2024-07-16_B09KTFXX6L,29.176487
2024-07-16_B09KTJRHC7,3.8066869
2024-07-16_B09KTMKDKJ,0.03774088
2024-07-16_B09KTMLQ1N,26.967312
2024-07-16_B09MR2FY5D,3.444102
2024-07-16_B09MR2MLZH,0.03774088
2024-07-16_B09MR3XT5G,27.734976
2024-07-16_B09MR3Y296,0.03774088
2024-07-16_B09MR4G722,0.03774088
2024-07-16_B09KDZQJ6P,0.03774088
2024-07-16_B09KDN7PYR,0.03774088
2024-07-16_B0B31SM3ZR,0.03774088
2024-07-16_B09MR4Z3H8,3.3058133
2024-07-16_B09X1JTK49,0.03774088
2024-07-16_B0B31VFJ6Q,23.60204
2024-07-16_B0B31T1XMH,0.03774088
2024-07-16_B0B31SVP2Q,0.03774088
2024-07-16_B09MR4B13C,27.280622
2024-07-16_B0B31R1ZBV,0.03774088
2024-07-16_B09X1FWK8Z,0.03774088
2024-07-16_B09X1HV1NL,23.588959
2024-07-16_B09X1F8C23,28.864765
2024-07-16_B09X1F1L26,0.034189135
2024-07-16_B09MR56Q9N,3.3602133
2024-07-16_B09MR5WS3Y,0.03774088
2024-07-16_B0B31Y1FDZ,0.03774088
2024-07-16_B0B31VTH56,0.03774088
2024-07-16_B0BG2T78CJ,0.03774088
2024-07-16_B0B699PLXD,0.03774088
2024-07-16_B0B69C4GST,0.03774088
2024-07-16_B0B69DK8JN,0.03774088
2024-07-16_B0B69FBGN1,0.03774088
2024-07-16_B0B69GN5KJ,0.03774088
2024-07-16_B0B69N4B1S,0.03774088
2024-07-16_B0B69SF1BT,0.03774088
2024-07-16_B0BDRQWBK9,0.03774088
2024-07-16_B0BDRS6R5Z,0.03774088
2024-07-16_B0BDRTZTGX,0.03774088
2024-07-16_B0BG2PD396,0.03774088
2024-07-16_B0BGDWGRQB,0.03774088
2024-07-16_B09MR4Z3H9,0.03774088
2024-07-16_B0BGDX2Z3L,1.0812354
2024-07-16_B09MR3RSW8,0.03774088
2024-07-16_B0BGDZLDX2,0.03774088
2024-07-16_B0BNL3J36Z,0.03774088
2024-07-16_B0BRCXDHBX,0.03774088
2024-07-16_B0BNKYZD2Z,0.038454115
2024-07-16_B0BNKZ5BR1,0.03774088
2024-07-16_B0BNKZBJX2,0.03774088
2024-07-16_B0BNKZCWFL,0.03774088
2024-07-16_B0BNKZF51P,0.03774088
2024-07-16_B0BNL117VT,0.03774088
2024-07-16_B0BNL11QD8,0.03774088
2024-07-16_B0BNL13PNY,0.03774088
2024-07-16_B0BNL1MQ48,0.03774088
2024-07-16_B0BNL1RDVC,0.03774088
2024-07-16_B0BNL1WL6R,0.03774088
2024-07-16_B0BRCXJRX6,2.0760808
2024-07-16_B0BNL2VK7L,0.03774088
2024-07-16_B0BNL3RDG4,0.03774088
2024-07-16_B0BNL5LCM5,0.03774088
2024-07-16_B0BNL3ZV7H,0.03774088
2024-07-16_B0BRCW2B64,0.03774088
2024-07-16_B0BNL7TJRT,0.03774088
2024-07-16_B0BNL6H152,0.03774088
2024-07-16_B0BRCW79VK,0.03774088
2024-07-16_B0BNL5HYLR,0.03774088
2024-07-16_B0BNL4Y2J9,0.03774088
2024-07-16_B0BNL4S7GH,0.03774088
2024-07-16_B0BNL5CJ8G,0.03774088
2024-07-16_B0BNKZ88Z5,0.03774088
2024-07-16_B0BNL5BKMK,0.03774088
2024-07-16_B0BNKZ9BJR,0.03774088
2024-07-16_B0CR4C5WXS,0.008855804
2024-07-16_B0BRCXCXCV,22.81708
2024-07-16_B0CY5QQ49F,4.4419193
2024-07-16_B0BRCXQMS5,4.102494
2024-07-16_B0BRCXP7VN,0.03774088
2024-07-16_B0BRCXSTKW,0.03774088
2024-07-16_B0BRCXXBG2,0.03774088
2024-07-16_B0BRCY8QMH,0.03774088
2024-07-16_B0BRCYJ33N,5.7752776
2024-07-16_B0BRCYJ4SR,0.03774088
2024-07-16_B0BRCYK4JK,23.389938
2024-07-16_B0BRCYQNSW,5.454321
2024-07-16_B0BRCYV77T,4.0417304
2024-07-16_B0BRDCBGFD,0.03774088
2024-07-16_B0BRDCJWJC,0.03774088
2024-07-16_B0BSLTZV4Z,0.03774088
2024-07-16_B0BRCXQRC9,3.5221477
2024-07-16_B0BSLWJKSX,0.03774088
2024-07-16_B0BSLVXHYJ,0.03774088
2024-07-16_B0CY5KFQBD,3.4442549
2024-07-16_B0CY5LR4VX,21.692762
2024-07-16_B0CR4C98FS,0.008855804
2024-07-16_B0BNKYW36G,0.03774088
2024-07-16_B0CR4BGLK5,3.3950937
2024-07-16_B0CR4BK4FW,0.03774088
2024-07-16_B0CR49NR3B,-0.03464725
2024-07-16_B0CR49N6MQ,1.2567328
2024-07-16_B0CR49BQRS,6.122531
2024-07-16_B0CFV6V981,0.033094145
2024-07-16_B0C9JLKFPZ,3.192072
2024-07-16_B0CR4BG4ZW,8.321364
2024-07-17_B09KDTHJ6V,0.03774088
2024-07-17_B09KDVXTP4,0.03774088
2024-07-17_B09KDTS4DC,0.03774088
2024-07-17_B09KDR64LT,0.03774088
2024-07-17_B09KDLQ2GW,1.0050819
2024-07-17_B09KDPXYG3,0.03774088
2024-07-17_B09KDNYCYR,0.03774088
2024-07-17_B09KDN7PYR,0.03774088
2024-07-17_B09KDW1YKQ,0.03774088
2024-07-17_B09MR4B13C,21.571747
2024-07-17_B09KDQ2BWY,0.03774088
2024-07-17_B09KDXJJ6W,0.03774088
2024-07-17_B09KTF8ZDQ,0.03774088
2024-07-17_B09KDZQJ6P,1.9561195
2024-07-17_B09KSXP3HN,27.711891
2024-07-17_B09KSYL73R,3.6952875
2024-07-17_B09KT5HMNY,0.03774088
2024-07-17_B09KTFXX6L,21.53861
2024-07-17_B09KTJRHC7,5.1488843
2024-07-17_B09KTMKDKJ,0.03774088
2024-07-17_B09KTMLQ1N,18.231405
2024-07-17_B09MR2FY5D,16.270681
2024-07-17_B09MR2MLZH,0.03774088
2024-07-17_B09MR4D874,0.03774088
2024-07-17_B09MR3RSW8,0.03774088
2024-07-17_B09KDYY3SB,2.9806805
2024-07-17_B0BNKY8RQN,0.03774088
2024-07-17_B0B31Y1FDZ,0.03774088
2024-07-17_B0BGDXV7FD,2.0561528
2024-07-17_B09MR3XT5G,12.651657
2024-07-17_B09X1JTK49,0.03774088
2024-07-17_B0B31V3PKG,0.03774088
2024-07-17_B0B31T1XMH,0.03774088
2024-07-17_B0B31SVP2Q,0.03774088
2024-07-17_B0B31SM3ZR,0.03774088
2024-07-17_B0B31R1ZBV,0.03774088
2024-07-17_B09MR4Z3H9,0.03774088
2024-07-17_B09X1HV1NL,21.571747
2024-07-17_B09X1F8C23,22.262804
2024-07-17_B09X1F1L26,1.2821441
2024-07-17_B09MR5WS3Y,0.03774088
2024-07-17_B09MR56Q9N,8.288235
2024-07-17_B0B31VTH56,0.03774088
2024-07-17_B0B31VFJ6Q,21.571747
2024-07-17_B0B69SF1BT,0.03774088
2024-07-17_B0B699PLXD,0.03774088
2024-07-17_B0B69DD2C7,0.03774088
2024-07-17_B0B69DK8JN,0.03774088
2024-07-17_B0B69GN5KJ,0.03774088
2024-07-17_B09MR4G722,0.03774088
2024-07-17_B0BDRTZTGX,0.03774088
2024-07-17_B0BG2PD396,0.03774088
2024-07-17_B0BG2T78CJ,0.03774088
2024-07-17_B0BG2VYWSG,0.03774088
2024-07-17_B0BGDWGRQB,0.03774088
2024-07-17_B0BGDX2Z3L,2.0561528
2024-07-17_B09MR4Z3H8,7.9998207
2024-07-17_B09MR3Y296,0.03774088
2024-07-17_B09MR36MLJ,0.03774088
2024-07-17_B0BNKZ88Z5,0.03774088
2024-07-17_B0BRCXJRX6,0.011347919
2024-07-17_B0BNL4S7GH,0.03774088
2024-07-17_B0BNKZ5BR1,0.03774088
2024-07-17_B0BRCXDHBX,18.779402
2024-07-17_B0BNKZ9BJR,0.03774088
2024-07-17_B0BNKZBJX2,0.03774088
2024-07-17_B0BNKZCWFL,0.03774088
2024-07-17_B0BNKZF51P,0.03774088
2024-07-17_B0BNL11QD8,0.03774088
2024-07-17_B0BNL13PNY,0.03774088
2024-07-17_B0BNL2VK7L,0.03774088
2024-07-17_B0BNL3J36Z,0.03774088
2024-07-17_B0BNL3RDG4,0.03774088
2024-07-17_B0BNL3YY1C,0.03774088
2024-07-17_B0BNL1WL6R,0.03774088
2024-07-17_B0BNL4Y2J9,0.03774088
2024-07-17_B0BNL5N28Z,0.03774088
2024-07-17_B0BRCXCXCV,3.4554217
2024-07-17_B0BNL5BKMK,0.03774088
2024-07-17_B0BRCW2B64,25.384605
2024-07-17_B0BNL7TJRT,0.03774088
2024-07-17_B0BNL6H152,0.03774088
2024-07-17_B0BRCW79VK,0.038454115
2024-07-17_B0BNL5LCM5,0.03774088
2024-07-17_B0BNL5HYLR,0.03774088
2024-07-17_B0BNL5CJ8G,0.03774088
2024-07-17_B0BNL5JR7V,0.03774088
2024-07-17_B0BSLTZV4Z,0.03774088
2024-07-17_B0BRCXQMS5,3.6402671
2024-07-17_B0BGDZLDX2,0.03774088
2024-07-17_B0CY5QQ49F,4.2476892
2024-07-17_B0BNKYW36G,0.03774088
2024-07-17_B0BRCXP7VN,0.03774088
2024-07-17_B0BRCXQRC9,8.442934
2024-07-17_B0BRCXSTKW,0.03774088
2024-07-17_B0BRCXXBG2,0.03774088
2024-07-17_B0BRCY8QMH,0.03774088
2024-07-17_B0BRCYJ33N,2.3428993
2024-07-17_B0BNKYZD2Z,0.03774088
2024-07-17_B0BRCYK4JK,5.2367334
2024-07-17_B0BRCYQNSW,0.03774088
2024-07-17_B0BRCYV77T,3.6380064
2024-07-17_B0BRDCBGFD,0.03774088
2024-07-17_B0BRDCJWJC,0.03774088
2024-07-17_B0BRCYJ4SR,0.03774088
2024-07-17_B0BSLWJKSX,0.03774088
2024-07-17_B0BSLVXHYJ,0.03774088
2024-07-17_B0CY5KFQBD,3.4659789
2024-07-17_B0CR4C98FS,0.038454115
2024-07-17_B0CR4C5WXS,0.034189135
2024-07-17_B0CR4BK4FW,0.03774088
2024-07-17_B0CR4BGLK5,3.192072
2024-07-17_B0CY5LR4VX,5.1020203
2024-07-17_B0CR49NR3B,0.008855804
2024-07-17_B0CR49N6MQ,0.008855804
2024-07-17_B0CR49BQRS,-0.13476157
2024-07-17_B0CFV6V981,0.9827895
2024-07-17_B0C9JLKFPZ,1.7037033
2024-07-17_B0CR4BG4ZW,4.004405
2024-07-18_B09KDW1YKQ,0.028779285
2024-07-18_B09KDVXTP4,0.028779285
2024-07-18_B09KDTS4DC,0.028779285
2024-07-18_B09KDTHJ6V,0.028779285
2024-07-18_B09KDR64LT,0.028779285
2024-07-18_B09KDNYCYR,0.028779285
2024-07-18_B09KDPXYG3,0.028779285
2024-07-18_B09KDN7PYR,0.028779285
2024-07-18_B09KDLQ2GW,0.028779285
2024-07-18_B0BGDX2Z3L,0.028779285
2024-07-18_B09KDQ2BWY,0.028779285
2024-07-18_B09KDXJJ6W,0.028779285
2024-07-18_B09MR3XT5G,0.028779285
2024-07-18_B09MR3Y296,0.028779285
2024-07-18_B09KSXP3HN,5.335022
2024-07-18_B09KT5HMNY,0.028779285
2024-07-18_B09KTF8ZDQ,0.028779285
2024-07-18_B09KTFXX6L,-0.00010578969
2024-07-18_B09KTJRHC7,0.028779285
2024-07-18_B09KTMKDKJ,0.028779285
2024-07-18_B09KTMLQ1N,0.028779285
2024-07-18_B09MR2FY5D,3.4443526
2024-07-18_B09MR2MLZH,0.028779285
2024-07-18_B09MR36MLJ,0.028779285
2024-07-18_B09MR3RSW8,0.028779285
2024-07-18_B09KDYY3SB,0.029492518
2024-07-18_B09KDZQJ6P,1.5269427
2024-07-18_B09MR4B13C,0.028779285
2024-07-18_B0B31Y1FDZ,0.028779285
2024-07-18_B09MR4G722,0.028779285
2024-07-18_B0BGDWGRQB,0.028779285
2024-07-18_B0B31T1XMH,0.028779285
2024-07-18_B0B31SVP2Q,0.028779285
2024-07-18_B0B31SM3ZR,0.028779285
2024-07-18_B0B31R1ZBV,0.028779285
2024-07-18_B09X1JTK49,0.028779285
2024-07-18_B09X1F1L26,0.028779285
2024-07-18_B09X1F8C23,2.6366725
2024-07-18_B09MR5WS3Y,0.028779285
2024-07-18_B09MR56Q9N,1.1470525
2024-07-18_B09MR4Z3H9,0.028779285
2024-07-18_B0B31VFJ6Q,-0.00010578969
2024-07-18_B09MR4Z3H8,2.3876696
2024-07-18_B0BG2T78CJ,0.028779285
2024-07-18_B0B31VTH56,0.028779285
2024-07-18_B0B699PLXD,0.028779285
2024-07-18_B0B69B8R3C,0.028779285
2024-07-18_B0B69C4GST,0.028779285
2024-07-18_B0B69DK8JN,0.028779285
2024-07-18_B0B69GN5KJ,0.028779285
2024-07-18_B0B69N4B1S,0.028779285
2024-07-18_B0B69SF1BT,0.028779285
2024-07-18_B0BDRQWBK9,0.028779285
2024-07-18_B0BDRS6R5Z,0.028779285
2024-07-18_B0BDRTZTGX,0.028779285
2024-07-18_B0BG2PD396,0.028779285
2024-07-18_B09MR4D874,0.028779285
2024-07-18_B09KSYL73R,2.2235289
2024-07-18_B09X1HV1NL,2.6366725
2024-07-18_B0BGDXM13S,0.028779285
2024-07-18_B0BRCXJRX6,0.028779285
2024-07-18_B0BRCXCXCV,-0.00010578969
2024-07-18_B0BNKY8RQN,0.028779285
2024-07-18_B0BNKZ5BR1,0.028779285
2024-07-18_B0BNKZ6N9L,0.028779285
2024-07-18_B0BNKZ9BJR,0.028779285
2024-07-18_B0BNKZBJX2,0.028779285
2024-07-18_B0BNKZCWFL,0.028779285
2024-07-18_B0BNKZF51P,0.028779285
2024-07-18_B0BNKZYHRX,0.028779285
2024-07-18_B0BNL11QD8,0.028779285
2024-07-18_B0BNL13PNY,0.028779285
2024-07-18_B0BNL3RDG4,0.028779285
2024-07-18_B0BNL3YY1C,0.028779285
2024-07-18_B0BGDZLDX2,0.028779285
2024-07-18_B0BNL5JR7V,0.028779285
2024-07-18_B0BRCW79VK,0.028779285
2024-07-18_B0BRCW2B64,-0.00010578969
2024-07-18_B0BNL7TJRT,0.028779285
2024-07-18_B0BNL5N28Z,0.028779285
2024-07-18_B0BNL6H152,0.028779285
2024-07-18_B0BNL5HYLR,0.028779285
2024-07-18_B0BNL5CJ8G,0.028779285
2024-07-18_B0BNL4Y2J9,0.028779285
2024-07-18_B0BNL4S7GH,0.028779285
2024-07-18_B0BNL4NX61,0.028779285
2024-07-18_B0CY5QQ49F,0.028779285
2024-07-18_B0BNL46Y7W,0.028779285
2024-07-18_B0BRCXDHBX,-0.00010578969
2024-07-18_B0BNL2VK7L,0.028779285
2024-07-18_B0BRCXP7VN,0.028779285
2024-07-18_B0BSLTZV4Z,0.028779285
2024-07-18_B0BRCXQRC9,0.028779285
2024-07-18_B0BRCXSTKW,0.028779285
2024-07-18_B0BRCXXBG2,0.028779285
2024-07-18_B0BRCY8QMH,0.028779285
2024-07-18_B0BRCYJ33N,0.028779285
2024-07-18_B0BRCYJ4SR,0.028779285
2024-07-18_B0BRCYK4JK,-0.00010578969
2024-07-18_B0BRCYQNSW,0.028779285
2024-07-18_B0BRCYV77T,3.5045872
2024-07-18_B0BRDCBGFD,0.028779285
2024-07-18_B0BRDCJWJC,0.028779285
2024-07-18_B0BSLVXHYJ,0.028779285
2024-07-18_B0BSLWJKSX,0.028779285
2024-07-18_B0BRCXQMS5,3.3687057
2024-07-18_B0BGDXV7FD,0.028779285
2024-07-18_B0C9JLKFPZ,0.028779285
2024-07-18_B0CY5LR4VX,0.028779285
2024-07-18_B0CY5KFQBD,0.028779285
2024-07-18_B0CR4C98FS,0.028779285
2024-07-18_B0CR4BK4FW,0.028779285
2024-07-18_B0CR4C5WXS,0.028779285
2024-07-18_B0CR4BG4ZW,-0.00010578969
2024-07-18_B0CR49NR3B,0.028779285
2024-07-18_B0CR49N6MQ,0.028779285
2024-07-18_B0CR49BQRS,-0.00010578969
2024-07-18_B0CFV6V981,1.1470525
2024-07-18_B0CR4BGLK5,0.029492518
2024-07-19_B09KDTHJ6V,0.028779285
2024-07-19_B09KDW1YKQ,0.028779285
2024-07-19_B09KDVXTP4,0.028779285
2024-07-19_B09KDTS4DC,0.028779285
2024-07-19_B09KDR64LT,0.028779285
2024-07-19_B09KDZQJ6P,0.028779285
2024-07-19_B09KDNYCYR,0.028779285
2024-07-19_B09KDN7PYR,0.028779285
2024-07-19_B09KDLQ2GW,0.028779285
2024-07-19_B0BGDXM13S,0.028779285
2024-07-19_B09KDXJJ6W,0.028779285
2024-07-19_B09KDPXYG3,0.028779285
2024-07-19_B09KDYY3SB,0.029492518
2024-07-19_B09KTJRHC7,0.028779285
2024-07-19_B09MR3Y296,0.028779285
2024-07-19_B09KSYL73R,2.7147558
2024-07-19_B09KT5HMNY,0.028779285
2024-07-19_B09KTF8ZDQ,0.028779285
2024-07-19_B09KTFXX6L,1.5688105
2024-07-19_B09KTMKDKJ,0.028779285
2024-07-19_B09KTMLQ1N,0.028779285
2024-07-19_B09MR2FY5D,2.8888555
2024-07-19_B09MR2MLZH,0.028779285
2024-07-19_B09MR3XT5G,0.028779285
2024-07-19_B09MR36MLJ,0.028779285
2024-07-19_B09MR3RSW8,0.028779285
2024-07-19_B09KSXP3HN,2.7552993
2024-07-19_B09MR4B13C,0.028779285
2024-07-19_B0B31R1ZBV,0.028779285
2024-07-19_B09MR4G722,0.028779285
2024-07-19_B09MR4Z3H8,-0.00010578969
2024-07-19_B0B31SM3ZR,0.028779285
2024-07-19_B0B31SVP2Q,0.028779285
2024-07-19_B09X1HV1NL,2.550361
2024-07-19_B0B31T1XMH,0.028779285
2024-07-19_B09X1JTK49,0.028779285
2024-07-19_B09MR5WS3Y,0.028779285
2024-07-19_B09X1F8C23,3.7407897
2024-07-19_B09X1F1L26,0.028779285
2024-07-19_B09MR56Q9N,1.342976
2024-07-19_B09MR4Z3H9,0.028779285
2024-07-19_B0B31VTH56,0.028779285
2024-07-19_B0B31VFJ6Q,-0.00010578969
2024-07-19_B0BDRS6R5Z,0.028779285
2024-07-19_B0B31Y1FDZ,0.028779285
2024-07-19_B0B699PLXD,0.028779285
2024-07-19_B0B69B8R3C,0.028779285
2024-07-19_B0B69C4GST,0.028779285
2024-07-19_B0B69DK8JN,0.028779285
2024-07-19_B0B69GN5KJ,0.028779285
2024-07-19_B0B69N4B1S,0.028779285
2024-07-19_B0B69SF1BT,0.028779285
2024-07-19_B0BDRQWBK9,0.028779285
2024-07-19_B0BDRTZTGX,0.028779285
2024-07-19_B0BG2T78CJ,0.028779285
2024-07-19_B0BGDWGRQB,0.028779285
2024-07-19_B09MR4D874,0.028779285
2024-07-19_B09KDQ2BWY,0.028779285
2024-07-19_B0BGDX2Z3L,0.028779285
2024-07-19_B0BRCXQRC9,0.028779285
2024-07-19_B0BGDXV7FD,0.028779285
2024-07-19_B0BNKY8RQN,0.028779285
2024-07-19_B0BNKZ5BR1,0.028779285
2024-07-19_B0BGDZLDX2,0.028779285
2024-07-19_B0BNKZ6N9L,0.028779285
2024-07-19_B0BNKZ9BJR,0.028779285
2024-07-19_B0BNKZBJX2,0.028779285
2024-07-19_B0BNKZCWFL,0.028779285
2024-07-19_B0BNKZYHRX,0.028779285
2024-07-19_B0BNL11QD8,0.028779285
2024-07-19_B0BNL13PNY,0.028779285
2024-07-19_B0BNL2VK7L,0.028779285
2024-07-19_B0BNL3RDG4,0.028779285
2024-07-19_B0BNL3YY1C,0.028779285
2024-07-19_B0BNKZF51P,0.028779285
2024-07-19_B0BNL5N28Z,0.028779285
2024-07-19_B0BNL4NX61,0.028779285
2024-07-19_B0BRCW79VK,0.028779285
2024-07-19_B0BRCW2B64,-0.00010578969
2024-07-19_B0BNL7TJRT,0.028779285
2024-07-19_B0BNL6H152,0.028779285
2024-07-19_B0BRCXCXCV,1.1613027
2024-07-19_B0BNL5CJ8G,0.028779285
2024-07-19_B0BNL4Y2J9,0.028779285
2024-07-19_B0BNL4S7GH,0.028779285
2024-07-19_B0BNL5HYLR,0.028779285
2024-07-19_B0BG2PD396,0.028779285
2024-07-19_B0BNL46Y7W,0.028779285
2024-07-19_B0BRCXDHBX,3.3512518
2024-07-19_B0BNL5JR7V,0.028779285
2024-07-19_B0BRCXP7VN,0.028779285
2024-07-19_B0CY5QQ49F,0.029492518
2024-07-19_B0BRCXJRX6,0.028779285
2024-07-19_B0BRCXQMS5,2.0673037
2024-07-19_B0BRCXSTKW,0.028779285
2024-07-19_B0BRCY8QMH,0.028779285
2024-07-19_B0BRCYJ33N,0.028779285
2024-07-19_B0BRCYJ4SR,0.028779285
2024-07-19_B0BRCYK4JK,-0.00010578969
2024-07-19_B0BRCYQNSW,0.028779285
2024-07-19_B0BRCYV77T,2.3232791
2024-07-19_B0BRDCBGFD,0.028779285
2024-07-19_B0BRDCJWJC,0.028779285
2024-07-19_B0BSLTZV4Z,0.028779285
2024-07-19_B0BRCXXBG2,0.028779285
2024-07-19_B0BSLWJKSX,0.028779285
2024-07-19_B0BSLVXHYJ,0.028779285
2024-07-19_B0CY5KFQBD,0.028779285
2024-07-19_B0CR4C98FS,0.028779285
2024-07-19_B0CR4BK4FW,0.028779285
2024-07-19_B0CR4BGLK5,0.029492518
2024-07-19_B0CR4C5WXS,0.028779285
2024-07-19_B0CR49NR3B,0.028779285
2024-07-19_B0C9JLKFPZ,0.028779285
2024-07-19_B0CR4BG4ZW,-0.00010578969
2024-07-19_B0CFV6V981,-0.043608867
2024-07-19_B0CR49BQRS,-0.00010578969
2024-07-19_B0CY5LR4VX,0.025227547
2024-07-19_B0CR49N6MQ,-0.00010578969
2024-07-20_B09KDLQ2GW,0.045925174
2024-07-20_B09KDN7PYR,0.045925174
2024-07-20_B09KDPXYG3,0.045925174
2024-07-20_B09KDQ2BWY,0.045925174
2024-07-20_B0BGDWGRQB,0.045925174
2024-07-20_B09KDR64LT,0.045925174
2024-07-20_B09KDTHJ6V,0.045925174
2024-07-20_B09KDVXTP4,0.045925174
2024-07-20_B09KDW1YKQ,0.045925174
2024-07-20_B09KDNYCYR,0.045925174
2024-07-20_B09KTFXX6L,-1.6285765
2024-07-20_B09MR3XT5G,0.045925174
2024-07-20_B09KDZQJ6P,0.045925174
2024-07-20_B09KSYL73R,2.5675068
2024-07-20_B09KTF8ZDQ,0.045925174
2024-07-20_B09KTJRHC7,0.045925174
2024-07-20_B09KTMKDKJ,0.045925174
2024-07-20_B09KTMLQ1N,0.045925174
2024-07-20_B09MR2FY5D,5.3521676
2024-07-20_B09KDXJJ6W,0.045925174
2024-07-20_B09MR2MLZH,0.045925174
2024-07-20_B09KDYY3SB,0.04237344
2024-07-20_B09MR3Y296,0.045925174
2024-07-20_B09MR4G722,0.045925174
2024-07-20_B09MR4D874,0.045925174
2024-07-20_B09MR36MLJ,0.045925174
2024-07-20_B09X1JTK49,0.045925174
2024-07-20_B09MR4Z3H8,1.1784488
2024-07-20_B09MR4Z3H9,0.045925174
2024-07-20_B09MR56Q9N,2.9938018
2024-07-20_B09MR5Q6HJ,0.045925174
2024-07-20_B09MR5WS3Y,0.045925174
2024-07-20_B09X1F1L26,0.045925174
2024-07-20_B09X1F8C23,3.8690279
2024-07-20_B09X1HV1NL,2.7319016
2024-07-20_B09KSXP3HN,3.3649838
2024-07-20_B0BDRQWBK9,0.045925174
2024-07-20_B0B31SVP2Q,0.045925174
2024-07-20_B0B31T1XMH,0.045925174
2024-07-20_B0B31V3PKG,0.045925174
2024-07-20_B0B31VFJ6Q,0.01704011
2024-07-20_B0B31Y1FDZ,0.045925174
2024-07-20_B0B699PLXD,0.045925174
2024-07-20_B0B69B8R3C,0.045925174
2024-07-20_B0B69C4GST,0.045925174
2024-07-20_B0B69DK8JN,0.045925174
2024-07-20_B09MR4B13C,0.045925174
2024-07-20_B0B31R1ZBV,0.045925174
2024-07-20_B0BG2PD396,0.045925174
2024-07-20_B0BRCYJ33N,0.045925174
2024-07-20_B0BGDX2Z3L,0.045925174
2024-07-20_B0BNL4S6MB,0.045925174
2024-07-20_B0BGDXV7FD,0.045925174
2024-07-20_B0BRCXQMS5,2.3034985
2024-07-20_B0BGDZLDX2,0.045925174
2024-07-20_B0BNKY8RQN,0.045925174
2024-07-20_B0BNKZ5BR1,0.045925174
2024-07-20_B0BNKZ88Z5,0.045925174
2024-07-20_B0BNKZBJX2,0.045925174
2024-07-20_B0BNL13PNY,0.045925174
2024-07-20_B0BNL3RDG4,0.045925174
2024-07-20_B0BRCXQRC9,0.04663841
2024-07-20_B0BNKZ9BJR,0.045925174
2024-07-20_B0BNL4Y2J9,0.045925174
2024-07-20_B0BNL5CJ8G,0.045925174
2024-07-20_B0BNL5HYLR,0.045925174
2024-07-20_B0BNL6H152,0.045925174
2024-07-20_B0BRCXP7VN,0.045925174
2024-07-20_B0BRCW2B64,0.01704011
2024-07-20_B0BRCW79VK,0.045925174
2024-07-20_B0BRCXDHBX,3.1373227
2024-07-20_B0BRCXJRX6,1.0444616
2024-07-20_B0B69G3YRM,0.045925174
2024-07-20_B0BRCXCXCV,0.01704011
2024-07-20_B0CR49N6MQ,0.01704011
2024-07-20_B0BNL2VK7L,0.045925174
2024-07-20_B0BGDXM13S,0.045925174
2024-07-20_B0BRCY8QMH,0.045925174
2024-07-20_B0BRCYJ4SR,0.045925174
2024-07-20_B0BRCYK4JK,0.04237344
2024-07-20_B0BRCYQNSW,0.045925174
2024-07-20_B0BRCYV77T,1.2649174
2024-07-20_B0BRDCBGFD,0.045925174
2024-07-20_B0BRDCJWJC,0.045925174
2024-07-20_B0BSLVXHYJ,0.045925174
2024-07-20_B0BSLWJKSX,0.045925174
2024-07-20_B0C9JLKFPZ,0.045925174
2024-07-20_B0CR49BQRS,0.04237344
2024-07-20_B0CFV6V981,-0.18850647
2024-07-20_B0CY5QQ49F,0.01704011
2024-07-20_B0CR49NR3B,0.04663841
2024-07-20_B0CR4BG4ZW,-0.026462924
2024-07-20_B0CR4BGLK5,0.04663841
2024-07-20_B0CR4BK4FW,0.045925174
2024-07-20_B0CR4C5WXS,0.045925174
2024-07-20_B0CR4C98FS,0.04663841
2024-07-20_B0CY5KFQBD,0.045925174
2024-07-20_B0CY5LR4VX,0.045925174
2024-07-20_B0BRCXXBG2,0.045925174
2024-07-21_B09KDTHJ6V,0.045925174
2024-07-21_B09KDR64LT,0.045925174
2024-07-21_B09KDQ2BWY,0.045925174
2024-07-21_B09KDPXYG3,0.045925174
2024-07-21_B09MR3XT5G,0.045925174
2024-07-21_B09KDN7PYR,0.045925174
2024-07-21_B0BDRQWBK9,0.045925174
2024-07-21_B09KDTS4DC,0.045925174
2024-07-21_B09MR3RSW8,0.045925174
2024-07-21_B09KDNYCYR,0.045925174
2024-07-21_B09KDVXTP4,0.045925174
2024-07-21_B09KT5HMNY,0.045925174
2024-07-21_B09KDXJJ6W,0.045925174
2024-07-21_B09KDYY3SB,1.0444616
2024-07-21_B09KDZQJ6P,3.375999
2024-07-21_B09KSXP3HN,2.4447644
2024-07-21_B09KTF8ZDQ,0.045925174
2024-07-21_B09KTFXX6L,1.3574218
2024-07-21_B09KTJRHC7,0.045925174
2024-07-21_B09KTMKDKJ,0.045925174
2024-07-21_B09KTMLQ1N,0.045925174
2024-07-21_B09MR2FY5D,3.4614987
2024-07-21_B09KDW1YKQ,0.045925174
2024-07-21_B09KSYL73R,2.5849044
2024-07-21_B09MR5Q6HJ,0.045925174
2024-07-21_B09MR3Y296,0.045925174
2024-07-21_B09MR2MLZH,0.045925174
2024-07-21_B09X1F8C23,4.163754
2024-07-21_B09X1F1L26,0.045925174
2024-07-21_B09MR5WS3Y,0.045925174
2024-07-21_B09MR4D874,0.045925174
2024-07-21_B09MR56Q9N,2.340425
2024-07-21_B09MR4Z3H9,0.045925174
2024-07-21_B09MR4Z3H8,1.5004
2024-07-21_B09MR4G722,0.045925174
2024-07-21_B09X1JTK49,0.045925174
2024-07-21_B09X1HV1NL,2.5675068
2024-07-21_B0B69G3YRM,0.045925174
2024-07-21_B0B31R1ZBV,0.045925174
2024-07-21_B0B31SM3ZR,0.045925174
2024-07-21_B0B31SVP2Q,0.045925174
2024-07-21_B0B31T1XMH,0.045925174
2024-07-21_B0B31V3PKG,0.045925174
2024-07-21_B0B31VFJ6Q,4.255873
2024-07-21_B0B31Y1FDZ,0.045925174
2024-07-21_B0B699PLXD,0.045925174
2024-07-21_B0B69C4GST,0.045925174
2024-07-21_B09KDLQ2GW,0.045925174
2024-07-21_B0B69DK8JN,0.045925174
2024-07-21_B09MR4B13C,0.045925174
2024-07-21_B09MR36MLJ,0.045925174
2024-07-21_B0BRCY8QMH,0.045925174
2024-07-21_B0B69DD2C7,0.045925174
2024-07-21_B0BRCXQMS5,2.4660256
2024-07-21_B0BNKZCWFL,0.045925174
2024-07-21_B0BG2T78CJ,0.045925174
2024-07-21_B0BG2Z8CY4,0.045925174
2024-07-21_B0BGDWGRQB,0.045925174
2024-07-21_B0BGDX2Z3L,0.045925174
2024-07-21_B0BGDXM13S,0.045925174
2024-07-21_B0BGDXV7FD,0.045925174
2024-07-21_B0BNKYPVM6,0.045925174
2024-07-21_B0BNKZ5BR1,0.045925174
2024-07-21_B0BNKZBJX2,0.045925174
2024-07-21_B0BGDZLDX2,0.045925174
2024-07-21_B0BNKZKGFG,0.045925174
2024-07-21_B0BRCW79VK,0.045925174
2024-07-21_B0BRCXJRX6,1.0682554
2024-07-21_B0BNL13PNY,0.045925174
2024-07-21_B0BRCXDHBX,2.986157
2024-07-21_B0BRCXCXCV,1.1784488
2024-07-21_B0BRCXP7VN,0.045925174
2024-07-21_B0BRCW2B64,0.01704011
2024-07-21_B0BNL4S7GH,0.045925174
2024-07-21_B0BNL4S6MB,0.045925174
2024-07-21_B0B69SF1BT,0.045925174
2024-07-21_B0CY5QQ49F,0.01704011
2024-07-21_B0BRCXXBG2,0.045925174
2024-07-21_B0BNKYZD2Z,0.045925174
2024-07-21_B0CY5LR4VX,0.045925174
2024-07-21_B0BG2PD396,0.045925174
2024-07-21_B0BRCXQRC9,0.04663841
2024-07-21_B0BNL3RDG4,0.045925174
2024-07-21_B0BRCYJ33N,0.045925174
2024-07-21_B0BRCYK4JK,2.2126417
2024-07-21_B0BRCYQNSW,0.045925174
2024-07-21_B0BRCYV77T,2.0475228
2024-07-21_B0BRDCBGFD,0.045925174
2024-07-21_B0BRDCJWJC,0.045925174
2024-07-21_B0BSLVXHYJ,0.045925174
2024-07-21_B0BSLWJKSX,0.045925174
2024-07-21_B0C9JLKFPZ,0.045925174
2024-07-21_B0BDRTZTGX,0.045925174
2024-07-21_B0CQVLFPBQ,0.045925174
2024-07-21_B0CFV6V981,-1.8660287
2024-07-21_B0CR4C98FS,0.04237344
2024-07-21_B0CR4C5WXS,0.04663841
2024-07-21_B0CR4BK4FW,0.045925174
2024-07-21_B0CR4BGLK5,0.04663841
2024-07-21_B0CY5KFQBD,0.045925174
2024-07-21_B0CR49NR3B,0.045925174
2024-07-21_B0CR49N6MQ,0.04237344
2024-07-21_B0CR49BQRS,0.04663841
2024-07-21_B0CR4BG4ZW,2.6147134
2024-07-22_B09KDVXTP4,0.03774088
2024-07-22_B09KDLQ2GW,0.03774088
2024-07-22_B0B69SF1BT,0.03774088
2024-07-22_B09KDNYCYR,0.03774088
2024-07-22_B09KDPXYG3,0.03774088
2024-07-22_B09KDQ2BWY,0.03774088
2024-07-22_B09KDR64LT,0.03774088
2024-07-22_B09KDXJJ6W,0.03774088
2024-07-22_B09KDTHJ6V,0.03774088
2024-07-22_B09KDTS4DC,0.03774088
2024-07-22_B09KDW1YKQ,0.03774088
2024-07-22_B09KSYL73R,2.5593224
2024-07-22_B09MR2MLZH,0.03774088
2024-07-22_B09KDZQJ6P,0.03774088
2024-07-22_B09KSXP3HN,0.03774088
2024-07-22_B09KT5HMNY,0.03774088
2024-07-22_B09KTF8ZDQ,0.03774088
2024-07-22_B09KTFXX6L,2.57672
2024-07-22_B09KTJRHC7,0.03774088
2024-07-22_B09KTMKDKJ,0.03774088
2024-07-22_B09KTMLQ1N,0.03774088
2024-07-22_B09MR36MLJ,0.03774088
2024-07-22_B09KDYY3SB,1.5366149
2024-07-22_B09KDN7PYR,0.03774088
2024-07-22_B09MR4Z3H9,0.03774088
2024-07-22_B09MR3RSW8,0.03774088
2024-07-22_B09MR2FY5D,5.376463
2024-07-22_B09X1F1L26,0.03774088
2024-07-22_B09MR5WS3Y,0.03774088
2024-07-22_B09MR5Q6HJ,0.03774088
2024-07-22_B09MR56Q9N,2.0588675
2024-07-22_B09MR3Y296,0.03774088
2024-07-22_B09MR4Z3H8,1.3103874
2024-07-22_B09MR4G722,0.03774088
2024-07-22_B09MR4D874,0.03774088
2024-07-22_B09MR4B13C,0.03774088
2024-07-22_B09X1HV1NL,-1.5827163
2024-07-22_B09X1F8C23,3.6221135
2024-07-22_B0B69DD2C7,0.03774088
2024-07-22_B09X1JTK49,0.03774088
2024-07-22_B0B31R1ZBV,0.03774088
2024-07-22_B0B31SM3ZR,0.03774088
2024-07-22_B0B31SVP2Q,0.03774088
2024-07-22_B0B31T1XMH,0.03774088
2024-07-22_B0B31V3PKG,0.03774088
2024-07-22_B0B31VFJ6Q,2.6456337
2024-07-22_B0B31Y1FDZ,0.03774088
2024-07-22_B0B699PLXD,0.03774088
2024-07-22_B0B69C4GST,0.03774088
2024-07-22_B09MR3XT5G,0.03774088
2024-07-22_B0B69G3YRM,0.03774088
2024-07-22_B0BRCXQRC9,0.03774088
2024-07-22_B0BDRQWBK9,0.03774088
2024-07-22_B0BRCXP7VN,0.03774088
2024-07-22_B0BG2PD396,0.03774088
2024-07-22_B0BG2T78CJ,0.03774088
2024-07-22_B0BG2Z8CY4,0.03774088
2024-07-22_B0BGDWGRQB,0.03774088
2024-07-22_B0BGDX2Z3L,0.03774088
2024-07-22_B0BGDXM13S,0.03774088
2024-07-22_B0BGDZLDX2,0.03774088
2024-07-22_B0BNKYPVM6,0.03774088
2024-07-22_B0BNKZ5BR1,0.03774088
2024-07-22_B0BNKZBJX2,0.03774088
2024-07-22_B0BGDXV7FD,0.03774088
2024-07-22_B0BNL13PNY,0.03774088
2024-07-22_B0BNL3RDG4,0.03774088
2024-07-22_B0BRCXJRX6,0.034189135
2024-07-22_B0BNL4S6MB,0.03774088
2024-07-22_B0BNL4S7GH,0.03774088
2024-07-22_B0BRCW2B64,0.008855804
2024-07-22_B0BRCW79VK,0.03774088
2024-07-22_B0BRCXCXCV,0.008855804
2024-07-22_B0B69DK8JN,0.03774088
2024-07-22_B0BNKZKGFG,0.03774088
2024-07-22_B0BNKZCWFL,0.03774088
2024-07-22_B0BRCXQMS5,1.925452
2024-07-22_B0BRCXDHBX,3.7497509
2024-07-22_B0BRCXXBG2,0.03774088
2024-07-22_B0CY5QQ49F,0.008855804
2024-07-22_B0BRCYJ33N,0.03774088
2024-07-22_B0BRCYK4JK,0.008855804
2024-07-22_B0BRCYQNSW,0.03774088
2024-07-22_B0BRCYV77T,2.314843
2024-07-22_B0BRDCBGFD,0.03774088
2024-07-22_B0BRDCJWJC,0.03774088
2024-07-22_B0BSLVXHYJ,0.03774088
2024-07-22_B0BSLWJKSX,0.03774088
2024-07-22_B0C9JLKFPZ,0.03774088
2024-07-22_B0CFV6V981,-1.8742132
2024-07-22_B0BRCY8QMH,0.03774088
2024-07-22_B0CR49BQRS,0.038454115
2024-07-22_B0CQVLFPBQ,0.03774088
2024-07-22_B0CY5LR4VX,0.03774088
2024-07-22_B0CY5KFQBD,0.03774088
2024-07-22_B0CR4C98FS,0.034189135
2024-07-22_B0CR4C5WXS,0.03774088
2024-07-22_B0BDRTZTGX,0.03774088
2024-07-22_B0CR4BGLK5,0.038454115
2024-07-22_B0CR4BG4ZW,-0.110464305
2024-07-22_B0CR49NR3B,0.034189135
2024-07-22_B0CR49N6MQ,0.038454115
2024-07-22_B0CR4BK4FW,0.03774088
2024-07-23_B09KDVXTP4,0.03774088
2024-07-23_B09KDN7PYR,0.03774088
2024-07-23_B09KDNYCYR,0.03774088
2024-07-23_B09KDPXYG3,0.03774088
2024-07-23_B09KDQ2BWY,0.03774088
2024-07-23_B09KDR64LT,0.03774088
2024-07-23_B09KDTHJ6V,0.03774088
2024-07-23_B09KDTS4DC,0.03774088
2024-07-23_B0B69DK8JN,0.03774088
2024-07-23_B09KSYL73R,2.5593224
2024-07-23_B09KDXJJ6W,0.03774088
2024-07-23_B09KDYY3SB,0.038454115
2024-07-23_B09KDZQJ6P,0.03774088
2024-07-23_B09KSXP3HN,3.0401962
2024-07-23_B09KTMLQ1N,0.03774088
2024-07-23_B09KTF8ZDQ,0.03774088
2024-07-23_B09KTFXX6L,1.33454
2024-07-23_B09KTJRHC7,0.03774088
2024-07-23_B09KTMKDKJ,0.03774088
2024-07-23_B09MR2FY5D,4.034263
2024-07-23_B09KDW1YKQ,0.03774088
2024-07-23_B09MR2MLZH,0.03774088
2024-07-23_B0B699PLXD,0.03774088
2024-07-23_B09MR3RSW8,0.03774088
2024-07-23_B09X1F8C23,3.8608434
2024-07-23_B09MR3XT5G,0.03774088
2024-07-23_B09MR3Y296,0.03774088
2024-07-23_B09MR4B13C,0.03774088
2024-07-23_B09MR4D874,0.03774088
2024-07-23_B09MR4Z3H8,2.6456337
2024-07-23_B09MR4Z3H9,0.03774088
2024-07-23_B09MR56Q9N,2.4851627
2024-07-23_B09MR5Q6HJ,0.03774088
2024-07-23_B09MR5WS3Y,0.03774088
2024-07-23_B09X1F1L26,0.03774088
2024-07-23_B09X1HV1NL,2.6065292
2024-07-23_B09X1JTK49,0.03774088
2024-07-23_B0B31R1ZBV,0.03774088
2024-07-23_B0B31SVP2Q,0.03774088
2024-07-23_B0B31T1XMH,0.03774088
2024-07-23_B0B31V3PKG,0.03774088
2024-07-23_B0B31VFJ6Q,2.0238554
2024-07-23_B0B31VTH56,0.03774088
2024-07-23_B0B31Y1FDZ,0.03774088
2024-07-23_B09MR36MLJ,0.03774088
2024-07-23_B09KDLQ2GW,0.03774088
2024-07-23_B0B69C4GST,0.03774088
2024-07-23_B09KT5HMNY,0.03774088
2024-07-23_B0B69SF1BT,0.03774088
2024-07-23_B0BNL4CB4X,0.03774088
2024-07-23_B0BRCXQMS5,2.0588675
2024-07-23_B0BGDWGRQB,0.03774088
2024-07-23_B0BGDX2Z3L,0.03774088
2024-07-23_B0BGDXV7FD,0.03774088
2024-07-23_B0BNKYPVM6,0.03774088
2024-07-23_B0BDRQWBK9,0.03774088
2024-07-23_B0BNKZBJX2,0.03774088
2024-07-23_B0BNKZKGFG,0.03774088
2024-07-23_B0BNL13PNY,0.03774088
2024-07-23_B0BNL2VK7L,0.03774088
2024-07-23_B0BNKZ9BJR,0.03774088
2024-07-23_B0BRCXP7VN,0.03774088
2024-07-23_B0BNL5BKMK,0.03774088
2024-07-23_B0BNL5HYLR,0.03774088
2024-07-23_B0BRCW2B64,0.008855804
2024-07-23_B0BRCW79VK,0.03774088
2024-07-23_B0BRCXCXCV,0.03774088
2024-07-23_B0BRCXDHBX,2.733177
2024-07-23_B0BRCXJRX6,0.008855804
2024-07-23_B0BNKZ5BR1,0.03774088
2024-07-23_B0BRCXQRC9,0.03774088
2024-07-23_B0CFV6V981,-1.7121698
2024-07-23_B0BNL4HPH9,0.03774088
2024-07-23_B0CY5QQ49F,1.2821441
2024-07-23_B0BRCY8QMH,0.03774088
2024-07-23_B0BRCYJ33N,0.03774088
2024-07-23_B0BRCYJ4SR,0.03774088
2024-07-23_B0BRCYK4JK,0.038454115
2024-07-23_B0BRCYQNSW,0.03774088
2024-07-23_B0BRCYV77T,2.4551332
2024-07-23_B0BRDCBGFD,0.03774088
2024-07-23_B0BRDCJWJC,0.03774088
2024-07-23_B0BSLTZV4Z,0.03774088
2024-07-23_B0BSLVXHYJ,0.03774088
2024-07-23_B0BRCXXBG2,0.03774088
2024-07-23_B0CR49BQRS,0.038454115
2024-07-23_B0CR49N6MQ,0.034189135
2024-07-23_B0CR49NR3B,0.038454115
2024-07-23_B0CR4BG4ZW,2.350554
2024-07-23_B0CR4BGLK5,0.038454115
2024-07-23_B0CR4BK4FW,0.03774088
2024-07-23_B0CR4C5WXS,0.03774088
2024-07-23_B0CR4C98FS,0.008855804
2024-07-23_B0CY5KFQBD,0.008855804
2024-07-23_B0CY5LR4VX,0.03774088
2024-07-23_B0C9JLKFPZ,0.03774088
2024-07-24_B09KDTHJ6V,0.03774088
2024-07-24_B09KDR64LT,0.03774088
2024-07-24_B09KDQ2BWY,0.03774088
2024-07-24_B09KDXJJ6W,0.03774088
2024-07-24_B09KDNYCYR,0.03774088
2024-07-24_B0BGDWGRQB,0.03774088
2024-07-24_B09KDLQ2GW,0.03774088
2024-07-24_B09KDPXYG3,0.03774088
2024-07-24_B09KDTS4DC,0.03774088
2024-07-24_B09KSYL73R,2.8510084
2024-07-24_B09KDYY3SB,1.6430095
2024-07-24_B09MR2MLZH,0.03774088
2024-07-24_B09KDZQJ6P,0.03774088
2024-07-24_B09KT5HMNY,0.03774088
2024-07-24_B09KTF8ZDQ,0.03774088
2024-07-24_B09KTFXX6L,2.9647434
2024-07-24_B09KTJRHC7,0.03774088
2024-07-24_B09KTMKDKJ,0.03774088
2024-07-24_B09MR3RSW8,0.03774088
2024-07-24_B09KTMLQ1N,4.0643005
2024-07-24_B09KDVXTP4,0.03774088
2024-07-24_B09KSXP3HN,5.4815216
2024-07-24_B09X1JTK49,0.03774088
2024-07-24_B0BDRS6R5Z,0.03774088
2024-07-24_B09MR2FY5D,3.547114
2024-07-24_B09MR5WS3Y,0.03774088
2024-07-24_B09X1F1L26,0.03774088
2024-07-24_B09X1DHRLN,0.03774088
2024-07-24_B09MR4G722,0.03774088
2024-07-24_B09MR56Q9N,1.3150111
2024-07-24_B09MR4Z3H9,0.03774088
2024-07-24_B09MR4Z3H8,2.923471
2024-07-24_B09X1HV1NL,2.314843
2024-07-24_B09MR3Y296,0.03774088
2024-07-24_B09MR4B13C,0.03774088
2024-07-24_B0B31T1XMH,0.03774088
2024-07-24_B0B31R1ZBV,0.03774088
2024-07-24_B0B31SVP2Q,0.03774088
2024-07-24_B0B31VFJ6Q,3.8024013
2024-07-24_B0B31Y1FDZ,0.03774088
2024-07-24_B0B69DK8JN,0.03774088
2024-07-24_B0B69GN5KJ,0.03774088
2024-07-24_B0BDRQWBK9,0.03774088
2024-07-24_B09MR3XT5G,0.03774088
2024-07-24_B09X1F8C23,3.8608434
2024-07-24_B09KDN7PYR,0.03774088
2024-07-24_B0BGDX2Z3L,0.03774088
2024-07-24_B0BRCXCXCV,3.062072
2024-07-24_B0BNL64PBG,0.03774088
2024-07-24_B0BGDXV7FD,0.03774088
2024-07-24_B0BRCY8QMH,0.03774088
2024-07-24_B0BGDZLDX2,0.03774088
2024-07-24_B0BNKYW36G,0.03774088
2024-07-24_B0BNKZ5BR1,0.03774088
2024-07-24_B0BNKZBJX2,0.03774088
2024-07-24_B0BNL117VT,0.03774088
2024-07-24_B0BNL4HPH9,0.03774088
2024-07-24_B0BRCYJ33N,0.03774088
2024-07-24_B0BNL5HYLR,0.03774088
2024-07-24_B0BRCW2B64,2.5981598
2024-07-24_B0BRCXJRX6,0.034189135
2024-07-24_B0BRCXQRC9,1.0007423
2024-07-24_B0BRCXQMS5,2.1873503
2024-07-24_B0BRCXP7VN,0.03774088
2024-07-24_B0BRCXXBG2,0.03774088
2024-07-24_B0BRCXDHBX,3.1318462
2024-07-24_B0BG2PD396,0.03774088
2024-07-24_B0BRCW79VK,0.03774088
2024-07-24_B0BNL11QD8,0.03774088
2024-07-24_B0CQVLFPBQ,0.03774088
2024-07-24_B0BNL13PNY,0.03774088
2024-07-24_B0BGDXM13S,0.03774088
2024-07-24_B0CR49N6MQ,0.038454115
2024-07-24_B0BRCYK4JK,0.011347919
2024-07-24_B0BRCYQNSW,0.03774088
2024-07-24_B0BRCYV77T,2.314843
2024-07-24_B0BRDCBGFD,0.03774088
2024-07-24_B0BRDCJWJC,0.03774088
2024-07-24_B0BSLTZV4Z,0.03774088
2024-07-24_B0C9JLKFPZ,0.03774088
2024-07-24_B0CFV6V981,-1.6071627
2024-07-24_B0CR49BQRS,0.008855804
2024-07-24_B0BSLVXHYJ,0.03774088
2024-07-24_B0BRCYJ4SR,0.03774088
2024-07-24_B0CY5QQ49F,0.008855804
2024-07-24_B0CR49NR3B,0.038454115
2024-07-24_B0CY5KFQBD,-0.110464305
2024-07-24_B0CR4C98FS,0.034189135
2024-07-24_B0CR4C5WXS,0.03774088
2024-07-24_B0CY5LR4VX,0.038454115
2024-07-24_B0CR4BGLK5,0.03774088
2024-07-24_B0CR4BG4ZW,2.350554
2024-07-24_B0CR4BK4FW,0.03774088
2024-07-25_B09KDR64LT,0.028779285
2024-07-25_B09KDVXTP4,0.028779285
2024-07-25_B0BDRQWBK9,0.028779285
2024-07-25_B09KDLQ2GW,0.028779285
2024-07-25_B09KDN7PYR,0.028779285
2024-07-25_B09KDNYCYR,0.028779285
2024-07-25_B09KDPXYG3,0.028779285
2024-07-25_B09KDQ2BWY,0.028779285
2024-07-25_B09KDTHJ6V,0.028779285
2024-07-25_B09KTFXX6L,2.4270096
2024-07-25_B09KDW1YKQ,0.028779285
2024-07-25_B09KTMLQ1N,3.568111
2024-07-25_B09KDXJJ6W,0.028779285
2024-07-25_B09KDZQJ6P,0.97802407
2024-07-25_B09KSXP3HN,4.3526683
2024-07-25_B09KSYL73R,2.5471897
2024-07-25_B09KT5HMNY,0.028779285
2024-07-25_B09KTF8ZDQ,0.028779285
2024-07-25_B09MR2FY5D,0.028779285
2024-07-25_B09KDTS4DC,0.028779285
2024-07-25_B09KDYY3SB,0.028779285
2024-07-25_B09KTJRHC7,0.028779285
2024-07-25_B0B31Y1FDZ,0.028779285
2024-07-25_B09MR4Z3H9,0.028779285
2024-07-25_B09MR5WS3Y,0.028779285
2024-07-25_B09MR56Q9N,1.3464783
2024-07-25_B09MR3Y296,0.028779285
2024-07-25_B09MR4Z3H8,1.0250547
2024-07-25_B09MR4D874,0.028779285
2024-07-25_B09MR4B13C,0.028779285
2024-07-25_B09X1F1L26,0.028779285
2024-07-25_B09MR3XT5G,0.028779285
2024-07-25_B09X1DHRLN,0.028779285
2024-07-25_B09X1JTK49,0.028779285
2024-07-25_B09X1F8C23,4.1015673
2024-07-25_B09X1FWK8Z,0.028779285
2024-07-25_B09X1HV1NL,2.6724226
2024-07-25_B0B31R1ZBV,0.028779285
2024-07-25_B0B31SM3ZR,0.028779285
2024-07-25_B0B31T1XMH,0.028779285
2024-07-25_B0B31VFJ6Q,3.8673208
2024-07-25_B09MR2MLZH,0.028779285
2024-07-25_B09MR3RSW8,0.028779285
2024-07-25_B09KTMKDKJ,0.028779285
2024-07-25_B0B31VTH56,0.028779285
2024-07-25_B0BRCYK4JK,1.4694045
2024-07-25_B0BNL13PNY,0.028779285
2024-07-25_B0BRCXQMS5,2.8147733
2024-07-25_B0BGDWGRQB,0.028779285
2024-07-25_B0BGDX2Z3L,0.028779285
2024-07-25_B0BGDXM13S,0.028779285
2024-07-25_B0BGDXV7FD,0.028779285
2024-07-25_B0BNKYW36G,0.028779285
2024-07-25_B0BNKZ5BR1,0.028779285
2024-07-25_B0BNL11QD8,0.028779285
2024-07-25_B0BRCXQRC9,0.9910674
2024-07-25_B0BG2Z8CY4,0.028779285
2024-07-25_B0BNL64PBG,0.028779285
2024-07-25_B0BRCW2B64,3.874934
2024-07-25_B0BRCW79VK,0.028779285
2024-07-25_B0BRCXCXCV,-0.20565243
2024-07-25_B0BRCXDHBX,3.3862832
2024-07-25_B0BRCXJRX6,0.97802407
2024-07-25_B0BRCXP7VN,0.028779285
2024-07-25_B0BNL5BKMK,0.028779285
2024-07-25_B0B69DD2C7,0.028779285
2024-07-25_B0BNL4HPH9,0.028779285
2024-07-25_B0BG2PD396,0.028779285
2024-07-25_B0BNL117VT,0.028779285
2024-07-25_B0CY5QQ49F,-0.00010578969
2024-07-25_B0BDRS6R5Z,0.028779285
2024-07-25_B0BRCY8QMH,0.028779285
2024-07-25_B0BRCXXBG2,0.028779285
2024-07-25_B0BRCYJ33N,0.028779285
2024-07-25_B0BRCYQNSW,0.028779285
2024-07-25_B0BRCYV77T,1.9515216
2024-07-25_B0BRDCBGFD,0.028779285
2024-07-25_B0C9JLKFPZ,0.028779285
2024-07-25_B0CFV6V981,0.028779285
2024-07-25_B0CQVLFPBQ,0.028779285
2024-07-25_B0BRDCJWJC,0.028779285
2024-07-25_B0CR49N6MQ,1.0405258
2024-07-25_B0CY5LR4VX,-0.00010578969
2024-07-25_B0CR49BQRS,0.025227547
2024-07-25_B0CR4C98FS,0.025227547
2024-07-25_B0CR4C5WXS,0.028779285
2024-07-25_B0CR4BK4FW,0.028779285
2024-07-25_B0CY5KFQBD,-0.00010578969
2024-07-25_B0CR4BG4ZW,0.0023863171
2024-07-25_B0CR49NR3B,0.029492518
2024-07-25_B0CR4BGLK5,0.028779285
2024-07-26_B09KDTS4DC,0.028779285
2024-07-26_B09KDXJJ6W,0.028779285
2024-07-26_B09KDLQ2GW,0.028779285
2024-07-26_B09KDNYCYR,0.028779285
2024-07-26_B09KDPXYG3,0.028779285
2024-07-26_B09KDQ2BWY,0.028779285
2024-07-26_B09KDR64LT,0.028779285
2024-07-26_B09KDTHJ6V,0.028779285
2024-07-26_B09KDVXTP4,0.028779285
2024-07-26_B09KTMKDKJ,0.028779285
2024-07-26_B0B69FBGN1,0.028779285
2024-07-26_B09MR2FY5D,0.028779285
2024-07-26_B09KDZQJ6P,-1.6168375
2024-07-26_B09KSXP3HN,3.6258738
2024-07-26_B09KSYL73R,2.636623
2024-07-26_B09KT5HMNY,0.028779285
2024-07-26_B09KTF8ZDQ,0.028779285
2024-07-26_B09KTFXX6L,3.186857
2024-07-26_B09KTJRHC7,0.028779285
2024-07-26_B09MR2MLZH,0.028779285
2024-07-26_B09KDW1YKQ,0.028779285
2024-07-26_B09KDYY3SB,0.028779285
2024-07-26_B09MR3Y296,0.028779285
2024-07-26_B09MR3RSW8,0.028779285
2024-07-26_B09KTMLQ1N,3.568111
2024-07-26_B09X1F8C23,4.002196
2024-07-26_B09MR4B13C,0.028779285
2024-07-26_B09MR4D874,0.028779285
2024-07-26_B09MR4G722,0.028779285
2024-07-26_B09MR4Z3H8,0.029492518
2024-07-26_B09MR4Z3H9,0.028779285
2024-07-26_B09MR56Q9N,1.4694045
2024-07-26_B09MR5WS3Y,0.028779285
2024-07-26_B09MR3XT5G,0.028779285
2024-07-26_B09X1DHRLN,0.028779285
2024-07-26_B0B31T1XMH,0.028779285
2024-07-26_B09X1HV1NL,2.7970061
2024-07-26_B09X1JTK49,0.028779285
2024-07-26_B0B31R1ZBV,0.028779285
2024-07-26_B0B31SM3ZR,0.028779285
2024-07-26_B0B31VFJ6Q,3.4926174
2024-07-26_B0B31VTH56,0.028779285
2024-07-26_B0B31Y1FDZ,0.028779285
2024-07-26_B0B69C4GST,0.028779285
2024-07-26_B09X1F1L26,0.028779285
2024-07-26_B0B69DK8JN,0.028779285
2024-07-26_B0B699PLXD,0.028779285
2024-07-26_B0B69SF1BT,0.028779285
2024-07-26_B0BRCXP7VN,0.028779285
2024-07-26_B0BG2PD396,0.028779285
2024-07-26_B0BG2T78CJ,0.028779285
2024-07-26_B0BGDWGRQB,0.028779285
2024-07-26_B0BGDX2Z3L,0.028779285
2024-07-26_B0BGDXM13S,0.028779285
2024-07-26_B0BGDXV7FD,0.028779285
2024-07-26_B0BNKYZD2Z,0.028779285
2024-07-26_B0BNKZ5BR1,0.028779285
2024-07-26_B0BNL11QD8,0.028779285
2024-07-26_B0BRCYJ33N,0.028779285
2024-07-26_B0BNL3J36Z,0.028779285
2024-07-26_B0BNL4CB4X,0.028779285
2024-07-26_B0BNL5BKMK,0.028779285
2024-07-26_B0BRCW2B64,3.0845072
2024-07-26_B0BRCW79VK,0.028779285
2024-07-26_B0BRCXCXCV,2.1937323
2024-07-26_B0BRCXDHBX,3.8068407
2024-07-26_B0BRCXJRX6,0.028779285
2024-07-26_B0BNL424DV,0.028779285
2024-07-26_B0BDRS6R5Z,0.028779285
2024-07-26_B0BRCXQMS5,1.9903712
2024-07-26_B0BNKZ88Z5,0.028779285
2024-07-26_B0BRCXXBG2,0.028779285
2024-07-26_B0CY5QQ49F,0.025227547
2024-07-26_B0CR49BQRS,0.029492518
2024-07-26_B0BRCY8QMH,0.028779285
2024-07-26_B0BRCYJ4SR,0.028779285
2024-07-26_B0BRCYK4JK,1.5722234
2024-07-26_B0BRCYQNSW,0.028779285
2024-07-26_B0BRDCBGFD,0.028779285
2024-07-26_B0BRDCJWJC,0.028779285
2024-07-26_B0C9JLKFPZ,1.1438813
2024-07-26_B0CFV6V981,0.028779285
2024-07-26_B0BRCYV77T,0.029492518
2024-07-26_B0BRCXQRC9,0.028779285
2024-07-26_B0CR49NR3B,0.029492518
2024-07-26_B0CR4BG4ZW,-0.00010578969
2024-07-26_B0CR4BGLK5,1.0518984
2024-07-26_B0CR4BK4FW,0.028779285
2024-07-26_B0CR4C5WXS,0.029492518
2024-07-26_B0CR4C98FS,-0.00010578969
2024-07-26_B0CY5KFQBD,-0.00010578969
2024-07-26_B0CY5LR4VX,0.025227547
2024-07-26_B0CR49N6MQ,0.029492518
2024-07-26_B0BDRQWBK9,0.028779285
2024-07-27_B09KTMLQ1N,-0.22898982
2024-07-27_B09KTMKDKJ,0.045925174
2024-07-27_B09KTJRHC7,0.045925174
2024-07-27_B09KTFXX6L,-0.12657724
2024-07-27_B09KDPXYG3,0.045925174
2024-07-27_B09KSXP3HN,0.041278437
2024-07-27_B09KDZQJ6P,0.045925174
2024-07-27_B09KDYY3SB,0.045925174
2024-07-27_B09MR2FY5D,0.04237344
2024-07-27_B09KSYL73R,0.01704011
2024-07-27_B09KDLQ2GW,0.045925174
2024-07-27_B0BNKYZD2Z,0.045925174
2024-07-27_B09MR4Z3H8,0.04237344
2024-07-27_B09MR56Q9N,-0.102279946
2024-07-27_B09X1F1L26,0.045925174
2024-07-27_B09X1F8C23,-0.22898982
2024-07-27_B09X1HV1NL,-0.12657724
2024-07-27_B0B31VFJ6Q,0.08116167
2024-07-27_B0BG2PD396,0.045925174
2024-07-27_B0BGDX2Z3L,0.045925174
2024-07-27_B0BGDXV7FD,0.045925174
2024-07-27_B09MR3XT5G,0.045925174
2024-07-27_B09MR4B13C,0.045925174
2024-07-27_B0BNKZ88Z5,0.045925174
2024-07-27_B0BNL3J36Z,0.045925174
2024-07-27_B0BNL5BKMK,0.045925174
2024-07-27_B0BRCW2B64,-0.18850647
2024-07-27_B0BRCYK4JK,-0.12657724
2024-07-27_B0BRCYJ33N,0.045925174
2024-07-27_B0BRCXQRC9,0.045925174
2024-07-27_B0BRCW79VK,0.045925174
2024-07-27_B0BRCXJRX6,0.045925174
2024-07-27_B0BRCXDHBX,-0.22898982
2024-07-27_B0BRCXCXCV,-0.026462924
2024-07-27_B0BRCYV77T,0.045925174
2024-07-27_B0BRCXQMS5,-0.21261118
2024-07-27_B0C9JLKFPZ,0.019532187
2024-07-27_B0BRCYQNSW,0.045925174
2024-07-27_B0CR49BQRS,0.04237344
2024-07-27_B0CR49N6MQ,0.01704011
2024-07-27_B0CR49NR3B,0.045925174
2024-07-27_B0CR4BG4ZW,0.01704011
2024-07-27_B0CR4BGLK5,0.045925174
2024-07-27_B0CR4BK4FW,0.045925174
2024-07-27_B0CR4C5WXS,0.04663841
2024-07-27_B0CR4C98FS,0.04237344
2024-07-27_B0CY5KFQBD,0.04237344
2024-07-27_B0CY5QQ49F,0.045925174
2024-07-27_B0CFV6V981,0.045925174
2024-07-27_B0CY5LR4VX,0.01704011
2024-07-28_B0BNL3J36Z,0.045925174
2024-07-28_B09MR2FY5D,0.045925174
2024-07-28_B09KTMLQ1N,0.04663841
2024-07-28_B09KDYY3SB,0.045925174
2024-07-28_B09KTFXX6L,0.045925174
2024-07-28_B09KSYL73R,0.045925174
2024-07-28_B09KSXP3HN,0.04663841
2024-07-28_B09KDZQJ6P,0.045925174
2024-07-28_B09KTJRHC7,0.045925174
2024-07-28_B09MR3XT5G,0.045925174
2024-07-28_B0B31VFJ6Q,-0.102279946
2024-07-28_B09X1F1L26,0.045925174
2024-07-28_B09X1F8C23,0.04237344
2024-07-28_B09X1HV1NL,0.045925174
2024-07-28_B0B31Y1FDZ,0.045925174
2024-07-28_B0BG2PD396,0.045925174
2024-07-28_B0BGDX2Z3L,0.045925174
2024-07-28_B0BGDXV7FD,0.045925174
2024-07-28_B0BNKYZD2Z,0.045925174
2024-07-28_B09MR4B13C,0.045925174
2024-07-28_B09KDPXYG3,0.045925174
2024-07-28_B09MR56Q9N,0.045925174
2024-07-28_B09KDLQ2GW,0.045925174
2024-07-28_B0CR49N6MQ,0.045925174
2024-07-28_B09MR4Z3H8,0.045925174
2024-07-28_B0BRCYV77T,0.045925174
2024-07-28_B0BRCYK4JK,0.019532187
2024-07-28_B0BRCYJ33N,0.045925174
2024-07-28_B0BRCW79VK,0.045925174
2024-07-28_B0BRCXQMS5,0.045925174
2024-07-28_B0BRCXJRX6,0.045925174
2024-07-28_B0BRCXDHBX,0.01704011
2024-07-28_B0BRCXCXCV,0.045925174
2024-07-28_B0BRCXQRC9,0.045925174
2024-07-28_B0C9JLKFPZ,0.045925174
2024-07-28_B0BNKZ88Z5,0.045925174
2024-07-28_B0CR4BG4ZW,0.045925174
2024-07-28_B0CR49NR3B,0.045925174
2024-07-28_B0CR4BGLK5,0.045925174
2024-07-28_B0CR4BK4FW,0.045925174
2024-07-28_B0CR4C5WXS,0.045925174
2024-07-28_B0CR4C98FS,0.045925174
2024-07-28_B0CY5KFQBD,0.045925174
2024-07-28_B0CY5LR4VX,0.045925174
2024-07-28_B0BRCW2B64,0.045925174
2024-07-28_B0CFV6V981,0.045925174
2024-07-28_B0BNL5BKMK,0.045925174
2024-07-28_B0CR49BQRS,0.045925174
2024-07-28_B0CY5QQ49F,0.045925174
